今日日期,2024-02-16
公司,職稱,工作內容,薪資
Taiwan AI Labs_雅婷智慧股份有限公司,ML Engineer機器學習工程師,"新技術與論文，並且在數十萬小時的真實資料上面進行實驗與開發。在這裡可以解決真實問題，並且快速在產品上面的到驗證。

機器學習工程師需要有閱讀論文並且解決實際問題的能力，會需要進行資料清理，訓練，必要時需要更改模型框架，並且能夠與應用端溝通提出解法，",待遇面議
澳門商奧維方案工程有限公司,機器學習工程師 / Machine Learning Engineer,"重團隊合作和有效溝通，期待您加入我們充滿活力且支持遠程工作的公司文化。如果您認為自己是一個優秀的團隊合作者並且對數位遊牧感興趣，快來加入我們，共同打造創新的數位解決方案！

【職位描述】
我們正在尋找一位經驗豐富的機器學習工程師，專注於開發和優化移",待遇面議
夏酷科技股份有限公司,Machine Learning Engineer 機器學習工程師,"1. Collaborate with clients to clarify the main pain points, stakeholders, use cases, requirements, goals, and acceptance criteria. 
2. Transform domain-specific problems into machine learning or data science problems.
3. Familiarize yourself with GCP ML solutions, including Vertex AI, BQML, and Generative AI.
4. Proficient in utilizing various ML development frameworks for model development and deployment.

[Essential]
1. Master degree in Computer Science, Electrical Engineering, Mathematics, Statistics, or an equivalent degree in a related field.
2. Familiar with ML/DL Framework, e.g. Pytorch, Tensorflow or XGBoost.
3. Experience in cloud platform development(GCP, Azure, or AWS).
4. Experience in containerization technologies such as Docker and Kubernetes.
5. Experience with API design and implementation.
6. Strong problem-solving skill and passion for learning and sharing.
7. Excellent organization and communication skills.

[Bonus]
1. Proficient in specific fields of ML, e.g. NLP, recommender system.
2. Experience in development using ML services(Vertex AI) on GCP.
3. Experience in distributed computing and MLOps.
4. Experienced in performing exploratory data analysis on large datasets.
5. Familiar with business application scenarios and system design of machine learning",待遇面議
和運租車股份有限公司,"機器學習工程師【和運租車, 年薪15個月】","【工作內容】	
1.參與機器學習和深度學習項目的設計、開發和實施	
2.影像辨識技術開發	
3.具有豐富的機器學習、深度學習和人工智慧相關經驗，包括模型設計、訓練、調優和部署	
4.精通常用的ML/DL框架，以python與R為主但不限，也熟悉資","月薪45,000~80,000元"
美國融文國際營銷有限公司,Machine Learning Engineer/機器學習工程師,"Job Title: Machine Learning Engineer
Location: Taipei, Taiwan (MRT Zhongxiao Dunhua Station)
Salary Range: NTD 700,000 ~ 900,000/ Month
Working Hours: 10:00-18:00, Mon.-Thur., 10:00-16:30, Fri.
Holiday: Taiwan official + Western holidays (around 25 days in total in 2024; no make-up days required)

Please provide an English resume for our review.

Job Description:

● Machine Learning Model Development: Design, develop, and implement machine learning models and algorithms to address business challenges and improve performance across various domains such as marketing
● Data Analysis and Preprocessing: Analyze and preprocess large-scale datasets to extract meaningful insights and identify relevant features for model development. Cleanse transform, and normalize data to ensure data quality and consistency.
● Model Training and Evaluation: Implement and optimize machine learning models using appropriate frameworks and tools. Train models using supervised and unsupervised learning techniques, and evaluate their performance using statistical metrics and validation techniques.
● Collaborative Approach: Collaborate with cross-functional teams, including data engineers, business analysts, and domain experts, to understand business requirements and translate them into actionable machine learning solutions.
● Research and Innovation: Stay up-to-date with the latest advancements in machine learning, data science, and related fields. Continuously explore and evaluate new algorithms, methodologies, and tools to enhance the company's data capabilities and competitive advantage.
● Documentation and Reporting: Document all stages of the machine learning model development process, including data collection, preprocessing, model architecture, and evaluation results. Prepare reports and presentations to communicate findings and recommendations to both technical and non-technical stakeholders.","年薪700,000~900,000元"
瑞嘉軟體科技股份有限公司,【ML】Machine Learning Engineer / 機器學習工程師,"• Perform feature engineering, building and optimizing classifiers using machine learning techniques.
• Data mining using state-of-the-art methods.
• Design and implement software systems and tools for internal process automation based on data mining and machine learning techniques.
• Design, implement, and operate data analytics platforms for business intelligence analysis.
• Provide data insights and develop data intelligence solutions/reports for business decisions.
• Work with other teams to assist with data-related technical issues and support their data infrastructure needs.
• Evaluate and identify the use of new or existing software products and technologies.
• Perform other duties as necessary.","月薪60,060~153,275元"
萬達人工智慧科技股份有限公司,機器學習工程師 /  Machine Learning Engineer,"較強的閱讀和寫作能力。
6、熟悉Python和數據工具，如Pandas，Matplotlib，Numpy。
7、廣泛的端到端機器學習渠道活動，包括框架AI問題，數據挖掘/結構化/收集/預處理/探索，模型開發/評估，模型部署/監控。
8、您將成爲一個","月薪60,000~100,000元"
叡揚資訊股份有限公司,Machine Learning Engineer (CV) 機器學習工程師 (電腦視覺)(24013102),"### Qualifications

- Master’s degree or equivalent practical experience.
- Familiarity with machine learning development frameworks (PyTorch / HuggingFace / PyTorch Lightning, etc.).
- Experience in Python, SQL, Git, and Web API frameworks ( Flask / FastAPI, etc.).
- Experience in developing machine learning projects.
- Strong teamwork and communication skills.

### About The Job

Hi there, we, DCS (Department of Cognition and Sensing) teams, are built up of Data sciences / Machine Learning (ML) talents and architecture engineers who have passion and ideas for trying new stuff. We are focusing on pioneering new approaches to enhance existing services while simultaneously working towards creating novel solutions. The aim is to provide customers with intelligent office services, leveraging AI or, technically say, ""machine learning,"" to improve their workflow and save valuable time. What a wonderful world, right? :-)

We are seeking those who are interested in Computer Vision (CV) and Multi-modal research. In the realm of CV, numerous image processing requirements exist in various industries. Our team develops ML solutions utilizing deep learning and CV algorithms, including Optical Character Recognition (OCR), Key Information Extraction (KIE), Layout Analysis, and Visual Search. Additionally, we're interested in challenging projects such as visual question answering and multi-modal applications. We are devoted to applying these intelligent solutions to practices.

All of these research and development will corporate with different business groups. You have lots of opportunities to accumulate various experiences from each project. We also encourage you to attend technical conferences to learn new stuff. Moreover, all members in DCS have chances to share your ideas and experiences with our stakeholders and whole members of GSS. If you are interested in machine learning development and like to implement it in real world, DCS is one of the good places for you :-)

### Responsibilities

- Design and develop ML solutions, packaging them into APIs for different projects.
- Stay updated on the latest SOTA (State-of-the-Art) and novel research papers and relevant developments.
- Collaborate with other business groups to design suitable requirements for customers.
- Optimize ML solutions and deploy them to local/cloud devices with various hardware capabilities.",待遇面議
洞見未來科技股份有限公司,Machine Learning Engineer 機器學習工程師,"We are looking for a Machine Learning (ML) Engineer to help us create artificial intelligence audio products. You will lead all the processes from data collection, cleaning, and preprocessing, to training models and deploying them to production.

Responsibilities
● Design machine learning model for audio applications (like noise reduction / speech separation / speech recognition).
● Research and implement appropriate ML algorithms and tools.
● Develop and optimize ML applications according to requirements.
● Run machine learning tests and experiments.
● Perform statistical analysis and fine-tuning using test results.

Requirements and skills
● Proven experience as a Machine Learning Engineer or similar role.
● Deep knowledge of math, probability, statistics and algorithms.
● Advanced proficiency with Python; Familiarity with C/C++ is a plus.
● Familiarity with machine learning frameworks (like Keras / Tensorflow /PyTorch) and libraries (like scikit-learn).
● Great communication and collaboration skills.
● Outstanding analytical and problem-solving skills.
● Excellent time management and organizational abilities.",待遇面議
瑞嘉軟體科技股份有限公司,【ML】Sr. Machine Learning Engineer / 資深機器學習工程師,"• Perform feature engineering, building and optimizing classifiers using machine learning techniques.
• Data mining using state-of-the-art methods.
• Design and implement software systems and tools for internal process automation  based on data mining and machine learning techniques.
• Design, implement, and operate data analytics platforms for business intelligence analysis.
• Provide data insights and develop data intelligence solutions/reports for business decisions.
• Work with other teams to assist with data-related technical issues and support their data infrastructure needs.
• Evaluate and identify the use of new or existing software products and technologies.
• Perform other duties as necessary.","年薪1,300,000~2,000,000元"
艾得利智能行銷科技股份有限公司,【產品研發】AI 機器學習工程師,"的文化。

【工作職責與內容】
《你的工作包含什麼項目呢？》
1. 利用機器學習/深度學習技術，建立AI模型及預測系統 (25%)
2. 建立模型的生命週期及維護(MLOps) (25%)
3. 根據公司產品需要不斷提高產品用戶體驗和更好的實現產品",待遇面議
英屬維京群島商瑞嘉耐思科技有限公司台灣分公司,【ML】Machine Learning Engineer / 機器學習工程師,"【工作內容】
• 進行深入的資料分析，包含領域資料洞悉、特徵工程及前置資料處理。
• 創建資料可視化報告以及可解釋模型預測結果和其意義。
• 設計、開發和優化機器學習、深度學習和生成式 AI 模型。
• 參與 AI 相關的軟體產品和專案開發，並確","月薪60,060~153,275元"
邁達特數位股份有限公司,機器學習工程師 【資料分析應用處】,"1.	負責特徵工程、模型建立與優化，以訊號/聲紋/自然語言等項目尤佳
2.	有建立模型的生命週期及維護(MLOps)的能力
3.	熟悉深度學習工具(如Tensorflow, Keras, Pytorch, YOLO..) Framework, 及",待遇面議
愛卡拉互動媒體股份有限公司,【AI Team】資深/主任 機器學習工程師 Senior/Staff Machine learning engineer,"【What to expect】
Here at iKala, we are developing new algorithm and data pipeline which powers business decision in marketing and in-house analytic platform. 

You will cowork with teams of working in Machine Learning, Data Acquisition, Data Scientist and Data Analysis to develop or optimize algorithm on large scale multi-modal data.


【What you will be doing】
1. Develop in house multilingual NLP models ( Chinese, English, Japanese )
2. Tuning and optimize algorithm to handle large scale data ( > 100 GB size )
3. Carry out ablation studies and experiments.
4. Read latest papers and implement state of the art model.


【Requirements】
1. Master Degree or above in engineering or quantitative discipline ( Statistic, Mathematics, Computer Science, Electrical Electronic )
2. Good communication and writing skills.
3. Experience in common machine learning frameworks ( scikit-learn, transformers, onnx, PyTorch)
4. Open to learn new languages (golang, C) and frameworks.
5. Comfortable working with Git.
6. Full understanding in Transformers and related research ( sparsity, LLM )


【Pluses】
1. PhD Degree in engineering or quantitative discipline ( Statistic, Mathematics, Computer Science, Electrical Electronic )
2. Published papers in reputable international conferences ( KDD, ACL, WWW, CVPR, ECCV, ICLR, AAAI, NeurIPS )
3. Past experiences in contributing to open source projects.
4. Experience in GPU speedup tricks ( mix precision, distributed training )
5. Worked in Transformer, CLIP or self supervised learning related research or side projects.
6. Desire to work in fast pace startup environment.


more info>>>https://ikala.tv",待遇面議
財團法人國家實驗研究院,(科政中心)機器學習工程師(研發替代役)112074,"工作內容及任務：
1.設計並開發科技政策領域相關的機器學習技術。
2.建立LLM模型，包括開發、預訓練或微調，並進行模型的部署、應用與效能優化。
3.負責訓練資料之蒐整、前處理與後處理工作。",待遇面議
萬達人工智慧科技股份有限公司,資深 機器學習工程師 / Senior Machine Learning Engineer,"1、計算機科學，計算機工程或電氣工程或深度學習，機器學習和自然語言處理相關領域的碩士或博士學位。.
2、熟悉日語和動畫/角色行業。
3、使用 Docker 的經驗。
4、使用深度學習框架，如TensorFlow和PyTorch的經驗。
5、使用","月薪100,000~140,000元"
台達電子工業股份有限公司 _DELTA ELECTRONICS INC.,【2024研發替代役暨預聘】AI電腦視覺與機器學習工程師_ 台達研究院(台北),"機器學習技術
2. 協同開發、佈建和測試解決方案於應用場域
3. 依專案需求研讀機器學習技術於電腦視覺相關應用議題",待遇面議
仁寶電腦工業股份有限公司,PB0542 AI機器學習工程師(內湖),"在這個角色中，您將積極參與人工智慧/機器學習解決方案的演進，特別是在視覺、聲學和文本領域，同時運用您在嵌入式系統或雲端軟體系統方面的專業知識。您的工作將包括打造先進的神經網絡模型，並運用數據分析來迎接實際挑戰。

職責與職能包括：
－將人工智慧/",待遇面議
域動行銷股份有限公司,【產品處】AI工程師/資料科學家/機器學習工程師,"【熱血團隊】
域動Data Team是由一群對『數據分析』及『AI應用』具有研究及開發熱誠的成員所組成。在這裡你可以接觸到大量即時的使用者行為資料，並將資料科學模型應用於:
『網路廣告投放優化』
『網路用戶辨識』
『消費者行為分析』
我們更致力於尋找優化方案，改善產品體驗設計及為商業決策提供數據支持，提升效率和價值。我們鼓勵組員多方嘗試、思考、展現天馬行空的創意，且能清楚闡述想法，付諸實踐。 ٩(⚙ᴗ⚙)۶

【環境氛圍】
扁平化組織、歡樂上班氛圍，彼此隨時交流分享想法，不受任何侷限ㄟ(￣▽￣ㄟ)。

總之，在Data Team不但可以接觸多元專案開發，藉此磨練專業知識的深度及廣度，幫助團隊的同時，也能突破自我，大幅成長。 ୧༼ ヘ ᗜ ヘ ༽୨

歡迎您一起加入，成為未來數據應用趨勢的一份子！o(〃'▽'〃)o


【Job Description】
1. 使用資料科學技術剖析數據，協助產品成效優化及發展方向
2. 負責資料收集、資料清理、模型建置等工作事項
3. 協助處理網路使用者觀看的文本，進行關鍵字擷取、文本分類等NLP任務
4. 廣告推薦系統建置及優化
5. 數據視覺化報表產出


【Qualifications】
1. 熟悉 ML 相關知識
2. 熟悉Python程式語言，包含Pandas, Numpy, Sklearn,Tensorflow, Pytorch等模組
3. 熟悉Linux 系統操作
4. 熟悉資料庫程式語言 SQL


【Preferred Qualifications】
1. 推薦系統處理專案經驗佳
2. 自然語言處理專案經驗佳
3. 曾參與ML相關研究、競賽或發表論文經驗佳
4. 具有數位廣告相關經驗壓
5. 統計學專長
6. 具有分散式運算的相關知識，如 Spark、Hadoop、Hive
7. 有使用過GCP, AWS 等雲端服務經驗佳","年薪520,000~910,000元"
帝濶智慧科技股份有限公司,機器學習工程師 Machine Learning Engineer,"職務內容：
- 人工智慧應用系統開發
- 影像辨識技術開發
- 大數據分析(機器學習、人工智慧模型應用)及資料可視化
- NLP(自然語言處理)

條件需求：
- 具有人工智慧、機器學習及深度學習領域等基礎知識 
- 熟悉深度學習理論、",待遇面議
沛智生醫科技股份有限公司,【DL/ML】Deep Learning / Machine Learning Engineer  (深度學習/機器學習工程師),"This role will research and implement cutting-edge AI algorithms for state-of-the-art medical software products. From data collection to deployment, this role will collaborate with medical experts and system engineers to solve real-world problems.",待遇面議
新愛世科技股份有限公司,資料科學家Data Scientist/機器學習工程師Machine Learning Engineer,"1.負責開發和優化智能風控模型，提升風險識別和預測的準確性。
2.設計、開發、部署及優化機器學習模型，解決實際業務問題。
3.負責數據清洗、特徵工程以及模型評估和選擇。
4.構建數據分析與監控dashboard，以視覺化的方式展示模型性能和業務指","月薪75,000元以上"
英屬開曼群島商萬里雲互聯股份有限公司台灣分公司,機器學習工程師 Machine Learning Engineer,"CloudMile is a strong start-up enabling clients solving some of the most mission-critical challenges by leveraging top-notch artificial intelligence, cloud and security technologies with leading vendors on the markets. As a “CloudMiler”, we thrive to be the leading enterprise-grade solutions providers in Asia. We are the first Google Premier Partner to acquire Infrastructure and machine learning Specializations in North Asia with strong investment in R&D and technologies. 

As a machine learning engineer, he/she will collaborate with engineers and conduct machine learning solutions on industrial problems. The responsibility includes working with stakeholders to identify opportunities for leveraging customer’s data to drive business solutions and develop custom data models and algorithms. The right candidate will demonstrate the ability to work with a wide range of functional teams.

【Job Description】
✦ Cooperate with pre-sales and solution architects. Clarify the main pain points, stakeholders, use cases, requirements, goals, and acceptance criteria from the client. 
✦ Transform domain-specific or industrial problems into machine learning or data science problems.
✦ Familiarize yourself with GCP ML solutions, including Vertex AI, BQML, and Generative AI.
✦ Proficient in utilizing various ML development frameworks for model development and deployment.

【Requirements】
✦ Master degree in Computer Science, Electrical Engineering, Mathematics, Statistics, or an equivalent degree in a related field.
✦ Familiar with ML/DL Framework, e.g. Pytorch, Tensorflow or XGBoost.
✦ Experience in cloud platform development(GCP, Azure, or AWS).
✦ Experience in containerization technologies such as Docker and Kubernetes.
✦ Experience with API design and implementation.
✦ Strong problem-solving skill and passion for learning and sharing.
✦ Excellent organization and communication skills.

【Bonus Qualification】
✦ Proficient in specific fields of ML, e.g. NLP, recommender system.
✦ Experience in development using ML services(Vertex AI) on GCP.
✦ Experience in distributed computing and MLOps.
✦ Experienced in performing exploratory data analysis on large datasets.
✦ Familiar with business application scenarios and system design of machine learning
✦ Publications in AIML journals and conferences.",待遇面議
叡揚資訊股份有限公司,Machine Learning Engineer (NLP) 機器學習工程師（自然語言處理）(23090101),"【About The Job】

We, DLII (Department of Linguistic Intelligence and Interaction) teams, are built up of Data sciences / ML talents and Architecture engineers who have passion and ideas for trying new stuff. We have been focusing on developing new approaches to improve on existing services (Of course, we may build new services with these novel solutions). Our aim is to provide customers an intelligent office services (using AI, technically, you can say “machine learning”) to save more time on their work. What a wonderful world, right :-)

Recently, we are looking at those who are interested in NLP research. In NLP, we work on document understanding, then expand it on recommendations, classification, comparing, etc. Moreover, we also do some challenging works like question answering (ex: KBQA, IRQA), writing-proofreading, and summarization by utilizing novel deep learning approaches. We are devoted to applying these machine learning models to practices.

All of these research and development will corporate with other members from different business groups. You have lots of opportunities to accumulate various experiences from each project. We also encourage you to attend technical conferences to learn new stuff. Moreover, all members in CII have chances to share your ideas and experiences with our stakeholders and whole members of GSS. If you are interested in machine learning development and like to implement it in real world, CII is one of the good places for you :-)

【 Responsibility 】

- Design and develop NLP ML solutions, then packing it to API for different projects.
    - Projects for the NLP teams:
        - **Similar Document Matching:** 
        To improve the model performance and explanation of similar document matching
        - **Document Auto-Classification Model:**
        To develop auto-classification task for documents with a mixture of the supervised and unsupervised approaches in order to automatically extract keywords or recommend alternative tags for users.
        - **Knowledge-based ChatBot:** 
        To enhance language understanding of chatbots by integrating with the knowledge bases.
        - **Other Projects:**
        Intent Detection, NER (Name Entity Recognition)
- Coordinate with other business groups and design suitable requirements for customers.
- Optimize ML solutions and deploy to local / cloud devices with various hardware capabilities.",待遇面議
富邦產物保險股份有限公司,產險-機器學習工程師(總公司),"1.以RPA與Python為技術底層，應用NLP、LLM等技術，實現模型建立與應用所產生的商業價值。
2.其他主管交辦事項。","月薪30,000~50,000元"
域動行銷股份有限公司,【產品處】AI工程師/資料科學家/機器學習工程師 【身心障礙專區】,"【熱血團隊】
域動Data Team是由一群對『數據分析』及『AI應用』具有研究及開發熱誠的成員所組成。在這裡你可以接觸到大量即時的使用者行為資料，並將資料科學模型應用於:
『網路廣告投放優化』
『網路用戶辨識』
『消費者行為分析』
我們更致力於尋找優化方案，改善產品體驗設計及為商業決策提供數據支持，提升效率和價值。我們鼓勵組員多方嘗試、思考、展現天馬行空的創意，且能清楚闡述想法，付諸實踐。 ٩(⚙ᴗ⚙)۶

【環境氛圍】
扁平化組織、歡樂上班氛圍，彼此隨時交流分享想法，不受任何侷限ㄟ(￣▽￣ㄟ)。

總之，在Data Team不但可以接觸多元專案開發，藉此磨練專業知識的深度及廣度，幫助團隊的同時，也能突破自我，大幅成長。 ୧༼ ヘ ᗜ ヘ ༽୨

歡迎您一起加入，成為未來數據應用趨勢的一份子！o(〃'▽'〃)o


【Job Description】
1. 使用資料科學技術剖析數據，協助產品成效優化及發展方向
2. 負責資料收集、資料清理、模型建置等工作事項
3. 協助處理網路使用者觀看的文本，進行關鍵字擷取、文本分類等NLP任務
4. 廣告推薦系統建置及優化
5. 數據視覺化報表產出


【Qualifications】
1. 熟悉 ML 相關知識
2. 熟悉Python程式語言，包含Pandas, Numpy, Sklearn,Tensorflow, Pytorch等模組
3. 熟悉Linux 系統操作
4. 熟悉資料庫程式語言 SQL


【Preferred Qualifications】
1. 推薦系統處理專案經驗佳
2. 自然語言處理專案經驗佳
3. 曾參與ML相關研究、競賽或發表論文經驗佳
4. 具有數位廣告相關經驗壓
5. 統計學專長
6. 具有分散式運算的相關知識，如 Spark、Hadoop、Hive
7. 有使用過GCP, AWS 等雲端服務經驗佳","年薪520,000~910,000元"
玉山銀行_玉山商業銀行股份有限公司,【金融科技】機器學習工程師Machine Learning Engineer(新人),"1.使用Tensorflow、Pytorch、Scikit-Learn等開源套件進行建模 
2.運用數理統計方法進行資料分析
3.模型API開發與設計(RESTful API)

104僅供職缺參考，若您對此職缺有興趣，請至本行「玉山菁英甄選網站」投遞履歷，如書審通過，後續將邀請您參加面談。謝謝！
【網址：https://esnhr.pse.is/394b2n 】",待遇面議
台達電子工業股份有限公司 _DELTA ELECTRONICS INC.,AI電腦視覺與機器學習工程師_ 台達研究院(台北),"機器學習技術
2. 協同開發、佈建和測試解決方案於應用場域
3. 依專案需求研讀機器學習技術於電腦視覺相關應用議題",待遇面議
和碩集團_和碩聯合科技股份有限公司,資料工程師_12898,"本團隊主要的工作是將海量數據進行收集與前置處理，提供後續LLM、機器學習、深度學習及統計分析等技術應用在AI產品、智能製造領域以及利用data-driven方式輔助企業決策。
在AI產品部分，運用收集到到的多樣化數據，提供RAG產品來解決客戶的問",待遇面議
神通資訊科技股份有限公司,60086R2_AI工程師,"參與開發下一代機器學習產品，並與一流的工程師團隊一起工作。您的工作將涉及Python模式設計、機器學習產品開發、docker相關工具使用經驗、大模型LLM調用與修改研發等

※工作待遇：將依學經歷進行敘薪。",待遇面議
優式機器人股份有限公司,資料科學/深度學習工程師,"我們正在招募熱愛資料科學與深度學習的軟體工程師加入我們的新技術開發團隊。您將運用您對資料分析的專長，收集機器人運作時的大量數據，並據此改善機器人的行為與效能。

您將協助我們:
1. 收集機器人工作時運行狀態及各種感測器資料。
2. 利用收集到的",待遇面議
雨林新零售股份有限公司,資料工程師(Data Engineer),"我們正在尋找熱愛數據、擁有卓越技術能力的資料工程師，加入我們的團隊，一同打造未來的數據世界。如果您對於數據世界充滿好奇心，渴望在一個充滿挑戰的環境中發揮您的才華，歡迎加入我們！

【主要職責】
1. 負責雲端數據架構與資料流設計的規劃，確保資料流",待遇面議
悠由數據應用股份有限公司,資料工程師(AI演算開發),"資料工程師(AI演算開發)

【工作內容】
1. 未來預測演算法開發。(處理時間x空間之相關數據資料)
2. 持續優化並修正AI gen AI自我學習演算系統流程與設計。
3. 數據分析、應用之相關程式開發。
4. API、爬蟲數據串接、異質資料",待遇面議
薩摩亞商動見科技股份有限公司台灣分公司,AI演算法工程師｜AI Algorithm Engineer,"動見科技從影像 AI 演算法開發到使用者網站平台，打造一個為商業車隊賦能的車隊管理服務，並逐步擴大服務面向。這套已經獲得國內外大型企業採用的解決方案正在尋求一位有經驗的AI演算法工程師:

◎《What you are gonna do》◎
-",待遇面議
台達電子工業股份有限公司 _DELTA ELECTRONICS INC.,資料工程師_資訊處(台北),"《Responsibilities》
1.專案型數據管線開發與管理。
2.專案型數據分析，透過BI工具、機器學習、統計工具等進行處理與分析。
3.數據平台模組的架構設計與交付。
4.數據建模與架構規劃設計與交付。
5.數據品質管理。

《",待遇面議
玉山銀行_玉山商業銀行股份有限公司,【金融科技】機器學習工程師Machine Learning Engineer(經驗行員),"1. 開發機器學習模型來優化公司內部流程及提昇服務品質
2. 協助業務單位業問題並轉換成機器學習問題

104僅供職缺參考，若您對此職缺有興趣，請至本行「玉山菁英甄選網站」投遞履歷，如書審通過，後續將邀請您參加面談。謝謝！
【網址：https:/",待遇面議
聚典資訊股份有限公司,機器學習工程師 Machine Learning Engineer,"5. 負責影像辨識數據等商品化之API撰寫，偕同前後端開發專案
6. 依專案需求處理部分數據與後端開發事項

【必要條件】
● 資訊工程科系尤佳，具備自主開發的能力
● 具備物件偵測(Object Detection)相關開發經驗
● 熟悉My",待遇面議
經貿聯網科技股份有限公司,數位創新實驗室-Fintech軟體工程師-產品研發,"創新產品。
        範圍包含所有以最新技術在公有雲及私有雲上開發軟體生命週期的各階段。    
        FINTECH的技術領域以雲技術、機器學習及區塊鏈為主。  
  2.	與優異的工程師合作，應用在學校已學習的開發軟體生命週期管",待遇面議
神通資訊科技股份有限公司,60086R2_AI高級工程師,"參與開發下一代機器學習產品，
並與一流的工程師團隊一起工作。您的工作將涉及Python模式設計、機器學習產品開發，大模型LLM調用與修改研發等。

※工作待遇：將依學經歷進行敘薪。",待遇面議
創星物聯科技股份有限公司,數據工程師（Data Engineer）,"新工作。作為數據工程師，你將成為我們數據科學團隊的重要一員，負責開發、維護和優化我們的數據基礎設施，確保我們能夠高效且準確地處理龐大的車聯網數據。

【工作內容】
1. 設計、建立和維護大規模的數據處理系統，以支持公司內部和客戶的需求。
2. 協助",待遇面議
眾匯智能健康股份有限公司,數據工程師,"運用科技改變健康照護模式！歡迎您一起來改變～

1.以線上數據擷取和解析技術，分析各種結構及非結構化資料
2.支援各營運團隊各種數據之開發運用
3.協助管理階層決策所需數據支持 
4.參與打造醫聯網數據雲平台",待遇面議
遊戲橘子數位科技股份有限公司,機器學習工程師 Machine Learning Engineer_0386,"Who we are:

Gamania Data Center is an expanding entity  deploying a large scale of user data source to assist our organization in having better insights of our customers and applying cutting-edge machine learning techniques in developing next generation products. As the leading role in the Entertainment industry, we focus on data sources in various fields, including  Gaming, E-Commerce, Mobile Payment and Media.  We have devoted ourselves to build an integrated infrastructure of big data analysis, recommendation systems and other machine learning applications including but not limited to image search, colorization, image-to-text, text-to-image and  style transfer . Now we are proud to present our service broadly applied to different kinds of data sources and the target market. 
As a machine learning engineer at Gamania Data Center, you will work closely with product managers, software engineers, and business partners in Gaming, E-Commerce, Mobile Payment or Media. You will also be in charge of  building data pipelines, machine learning modeling and applications deployment. Our mission is to provide industrial winning machine learning solutions to maintain Gamania’s industry leading dominance.


Responsibilities:

1. Work with business stakeholders and software engineers to build and maintain data pipelines for machine learning modeling and data analysis

2. Cooperate with software engineers in system design, algorithm developments and solutions/applications deployment with the consideration of quality and latency trade-off

3. Develop new or enhance current data and ETL pipeline from various sources such as server log or content metadata into the big data ecosystem

4. Improve current machine learning solutions based on data analysis of online performance data

5. Conduct research in ML/DL techniques such as computer vision, natural language processing, recommendation system or graph neural network, and cooperate with other machine learning engineers and software engineers to productize the research",待遇面議
財團法人人工智慧科技基金會,AI Engineer / 人工智慧工程師,"1、企業導入 AI 專案顧問：AI 專案開發，輔導與部署。
2、企業 AI 教育訓練講師：參與製作及優化課程教材，深入企業現場擔任技術分享講師。
3、課程/專案因企業地點不同，需配合出差。

#想了解AIF工程師的一天？請看 https://","月薪50,000~70,000元"
聯合報股份有限公司,【數據發展部】- 演算法工程師,"作為我們的演算法工程師，您將會負責研究和開發先進的機器學習演算法與模型應用，包含但不限於推薦系統、精準廣告、自然語言處理(NLP)等領域，協助報系各經營單位提升服務產品滿意度及使用率。促進集團演算模型應用與發展。

主要工作包括—
1.",待遇面議
104獵才顧問_一零四資訊科技股份有限公司,機器學習工程師 /Sr.ML Engineer | FG04009430,"機器學習、pytorch、tensorflow、Numpy、Pandas、Scikit-learn、matplotlib
我們正在擴大我們的團隊，尋找一位經驗豐富的專業人士，專注於系統演算法的優化和應用。
候選人將參與以下職務內容：
■進行系統演",待遇面議
中華資安國際股份有限公司,演算法研發工程師,"此職務將以 機器學習/深度學習之相關資安應用研究與發展為主，人才於團隊需與其他資安專家團隊合作，尋找與設計可用於解決資安實務之演算法模型，並與產品小組合作將演算法模型商品化。

此職務於團隊預計會投入的工作內容包括以下：

1. 研析國內外機器學習",待遇面議
台達電子工業股份有限公司 _DELTA ELECTRONICS INC.,資深數據工程師_資訊處(台北),"《Responsibilities》
1.專案型數據管線開發與管理。
2.專案型數據分析，透過BI工具、機器學習、統計工具等進行處理與分析。
3.數據平台模組的架構設計與交付。
4.數據建模與架構規劃設計與交付。
5.數據品質管理。

《",待遇面議
Ocard_奧理科技股份有限公司,【Ocard顧客經營管家】AI 工程師 (擴編招募中),"與資料視覺化等任務

【必備條件】
● 1-3 年 AI 工程師經驗，具備數據處理與分析能力
● 熟悉 ML/DL 相關知識, 有相關工作成果經驗者佳
● 熟悉 Python 程式語言與機器學習/深度學習常用套件, 如 Pandas, Numpy,",待遇面議
圖靈數位股份有限公司,資料工程師,"行銷判讀，運營，轉化方面的戰略支持與技術方法。成員大多是技術工程師組成，協助客戶收集有用的數據，了解數據，利用數據。

目前是 Google Marketing Platform、Mixpanel、AB Tasty 認證合作夥伴。

公司福利：
・",待遇面議
行動貝果有限公司,Machine Learning Engineer 機器學習工程師 [Decanter AI],"＊請至 【https://mobagel.typeform.com/to/ojShbwVv】 投遞履歷，於 104 投遞者恕不受理，謝謝你的協助＊

1. Maintain, develop and optimize the machine learning engine in DecanterAI, our flagship analytic product.
2. Build CI/CD flow to maintain product stability.
3. Co-work with data science team to derive new functionalities.",待遇面議
果實夥伴股份有限公司,資料工程師 Data Engineer,"【工作內容 】
-  ETL 之開發、處理(資料清理、儲存、分析)與監測
- 依據不同業務需求，優化/開發數據資料架構與分析流程
- 依據業務需求產出對應報表資料
- 開發與設計專案所需 API 服務並與後端工程師合作，完成系統產品化程序
- 維",待遇面議
美好證券股份有限公司,科技部_數據工程師 Data Engineer,"Apache Spark、 
 Analytics Tools 等 
• 與數據科學家及產品開發團隊合作，參與統計及機器學習演算產品的開發與佈署
  開發 APIs 支持 Data/AI 產品的生產化與應用整合


你會收穫：
• 接觸價值投資的先進理念",待遇面議
行動貝果有限公司,Machine Learning Engineer 機器學習工程師 [8ndpoint],"＊請至 【https://mobagel.typeform.com/to/ojShbwVv】 投遞履歷，於 104 投遞者恕不受理，謝謝你的協助＊

[About the job]
Our team is looking for experienced engineers to work on exciting technical problems for marketing AI. On the 8ndpoint team, you’ll have the opportunity to own and drive projects that help us scale the platform. As a Machine Learning Engineer, you’ll build out our machine learning platform and machine learning infrastructure, including model hosting, model inference, deep learning, and modeling R&D. You’ll have the full support of engineering to ship greenfield solutions, and you’ll also advise our product managers on how we can best deliver the power of AI to our customers.
MoBagel has an extraordinarily open and relaxed work culture. There’s immense freedom to work on what you think is most important, and generous support for personal development.  We’re a small and rapidly growing team with great work-life balance, generous remote work policy, open and supportive teammates, and free food. Come meet the team!
Since this role is highly cross-functional, there are ample opportunities (and support) for diving into DevOps, MLOps, data engineering, and machine learning modeling projects.

[Responsibility]
1. Architect and build production ML systems, plus monitoring, debugging, and alert systems.
2. Design and build machine learning services and APIs at scale.
3. Develop CI/CD and integration testing pipelines in conjunction with data scientists and data engineers.
4. Evangelize and encourage best software development practices through documentation, code reviews, and sharing.
5. Consult on data infrastructure, data pipeline development, and scalability.","年薪700,000元以上"
和雲行動服務股份有限公司,AI應用/機器學習工程師AI / Machine Learning Engineer (資訊部),"【工作內容】
1. 參與機器學習和深度學習項目的設計、開發和實施。
2. 負責數據探索、特徵工程和模型訓練。
3. 優化和調整模型性能，實現模型自動學習並持續優化，解決實際挑戰。
4. 與跨部門團隊合作，共同推動產品和業務目標的實現。
5. 持續",待遇面議
艾新科環保材料有限公司,演算法工程師,"具財務金融、財務工程、程式交易(Multichart等交易平台)等經驗
3. 熱流相關專業、模擬操作、繪圖與產線自動化","月薪35,000元以上"
(總公司)南山人壽保險股份有限公司,機器學習工程師,"●研發AI應用模型強化金融科技發展。
●著重於推薦預測/OCR/NLP/NLU/SNA Graph圖算法等,以強化客戶滿意/提升流程效率/強化風控管理。
●負責導入low code/no code solutions
●具備實驗設計能力推動Data Driven Decision文化
●負責探詢公司內/外數據，並驗證其價值性進行導入",待遇面議
捷揚航電股份有限公司,AI 工程師,"1.      熟悉C, C++,Python等程式語言。
2.      熟悉深度學習工具。(如Tensorflow, Caffe等)
3.      了解AI/ML深度學習演算法，並有能力針對模型底層進行修改及優化。
4.      熟悉且能",待遇面議
台達電子工業股份有限公司 _DELTA ELECTRONICS INC.,AI算法平台開發工程師_達慧互聯(台達子公司)(台北),延伸性效益，依照客戶實務狀況設計可立即落地的AI數據工程應用，並因應企業體質有效提升短、中、長期數據轉型競爭力，俾使強化數據應用、掌握關鍵設備維護策略、管理製程良率穩定性、優化資產效率、持續改善節能效益及提昇工安監管維度；全方位著眼客戶競爭力與企業,待遇面議
喬美國際網路股份有限公司,數據工程師,"工作內容:
1.	利用資料科學洞察客戶行為數據
2.	執行數據清洗、加工、分群
3.	串接多元數據應用 (如：網路爬蟲、文字探勘、地理資訊系統等)
4.	開發自然語言/文字探勘模型、研發數據標籤與應用

條件 :
1.	良好的溝通與表達能力
2.	熟悉SQL , Python , R
3.	熟悉文字探勘(Text Mining)基礎知識",待遇面議
杰倫智能科技股份有限公司,AI/機器學習研發工程師,"學習，成為用雙手創造改變的優秀研發工程師。我們是新創公司，未來的方向無限寬廣，也歡迎以此職位為起點，將來轉職到會面向客戶的職位喔!

基本要求：
1. 良好的團隊合作與溝通能力
2. 豐富的表格數據分析經驗
3. 能獨力建立模型，並了解各種評估指標的",待遇面議
香港商線上科技銷售服務有限公司台灣分公司,擴編新缺 AI應用【跨境電商物流系統】AI Engineer/ AI 工程師,"描偵測比對，當下且離線模式即能判定照片的有效性，避免重工耗時。
上述實際行為情況或是模型解決方案，根據成本效益、達成效果等仍有討論商量空間。

此職位將是公司第一位AI工程師，前期將獨立一人密切與軟體開發團隊合作，
因此需要過往有紮實AI經驗或是實",待遇面議
阿福股份有限公司,Senior Machine Learning Engineer  資深機器學習工程師,"▍About AlfredCamera

From day one, we’ve been guided by the belief that home security should be made accessible to everyone. We started out by offering a software solution that turns your old phone into a security camera in 2014. Since then, this simple but powerful idea has become the go-to security app for more than 70 millions families worldwide. 

In 2022, we launched our first hardware product, AlfredCam, which opened up an exciting new chapter for us. And 2023 is going to be an even more exhilarating year, as we are taking more proactive actions to respond to our consumers and expanding our presence in more countries. If you want to be a game changer for one of the most trusted brands worldwide, we have the right opportunity for you! 

▍Your Role

As a Machine Learning Engineer specializing in both Computer Vision and Audio, you will play a crucial role in developing cutting-edge solutions for a wide range of applications. Your expertise will be instrumental in creating and implementing machine learning models and algorithms that cover areas such as image classification, object detection, audio classification, audio enhancement, semantic segmentation, image generation, and video analysis.
As part of AlfredCamera's mission to make home security accessible to everyone, you will be a game-changer, driving innovation and contributing to the success of one of the most trusted brands worldwide. Join us in this captivating journey where your expertise will have a significant impact on enhancing the safety and security of millions of families around the globe.

▍Responsibility

• Collaborate closely with esteemed computer vision and audio researchers at AlfredCamera, integrating cutting-edge techniques into solutions that drive innovation in the home security industry.
• Seamlessly weave machine learning models into production systems alongside software engineers, ensuring seamless scalability, real-time performance, and robustness for both computer vision and audio tasks.
• Prepare and meticulously process large-scale datasets to train and evaluate machine learning models, ensuring the highest standards of security for our users.
• Optimize and fine-tune machine learning models to enhance accuracy, efficiency, and adaptability in both computer vision and audio domains, validating their capabilities through rigorous experimentation and performance evaluations.
• Immerse yourself in the latest advancements in computer vision and audio fields, actively contributing to the research community, and exploring uncharted territories of innovation.
• Translate strategic business requirements into actionable machine learning projects, ensuring seamless alignment with customer needs and expectations, and driving the growth and success of AlfredCamera as one of the most trusted and innovative brands globally.","年薪1,200,000~2,000,000元"
杏創生物科技股份有限公司,醫療數據Ai 工程師,"1. 因應未來精準醫療需求，開發次世代定序應用分析技術，建立生物資訊分析流程，協助生物資料庫建置，創造產業新商機。
2. 具備生物資訊資料分析相關經驗，並熟悉Python, R 等開發程式語言。
3. 有機器學習或深度學習相關經驗，或熟悉","月薪40,000~60,000元"
蓋亞資訊有限公司,生成式AI工程師/技術經理 Generative AI Engineer /Manager,"LangChain 架構與開發方式，連接外部工具以及語言模型等相關經驗。(必要)
3.有資料分析與特徵萃取，並且用來評估模型優化方向等相關經驗尤佳。
4.有機器學習及深度學習，並且能夠設計或調整模型等相關經驗尤佳。
5.有FastAPI",待遇面議
台達電子工業股份有限公司 _DELTA ELECTRONICS INC.,AI軟體架構工程師_台達研究院(台北),"本職缺主要工作內容包含但不限於：
(1). 基於商業與工程目標，負責設計與開發串流影像相關之電腦視覺與機器學習系統；
(2). 規劃與建置DataOps Pipeline和MLOps Pipeline的系統； 
(3). 依專案需求研讀平行計算優",待遇面議
雲端行動科技股份有限公司,AI數據工程師,"1.熟悉Python程式開發及應用。
2.熟悉及擅於運用機器學習、研發各類演算法及建模。
3.巨量資料前置處理及分析、轉置並進行模型訓練以達成要求之預測力。
4.AI相關產品或服務之企劃及應用。
5.協助發展行銷科技產品或服務。","年薪600,000~900,000元"
台新金控_台新國際商業銀行股份有限公司,〔金控〕數據中台應用工程師,"工作內容：依個人技能，參與下列1-2項業務內容
1.負責金控視角的客戶360數據模型設計、建置與驗證
2.熟悉新型數據技術（如ML、NLP等）的發展趨勢，規劃中台發展階段性藍圖，與團隊建構數據中台核心框架
3.設計數據中台核心應用模組，執行開發、驗證與部署
4.複製數據中台成功技術案例，協助推動至金控子公司系統環境，加速數據應用價值實現

資格條件：
1.熟悉大數據平台(Hadoop)框架與生態系知識，並有實際專案(如資料管線)的開發經驗
2.瞭解微服務架構，有操作容器化技術與自動化部署的開發經驗
3.具備金融業資料庫設計開發經驗尤佳
4.具備良好的問題解決與協作能力，喜歡研習新技術",待遇面議
台達電子工業股份有限公司 _DELTA ELECTRONICS INC.,AI平台系統開發工程師_達慧互聯(台達子公司)(台北),延伸性效益，依照客戶實務狀況設計可立即落地的AI數據工程應用，並因應企業體質有效提升短、中、長期數據轉型競爭力，俾使強化數據應用、掌握關鍵設備維護策略、管理製程良率穩定性、優化資產效率、持續改善節能效益及提昇工安監管維度；全方位著眼客戶競爭力與企業,待遇面議
台達電子工業股份有限公司 _DELTA ELECTRONICS INC.,資料科學家(AI Data scientist)/資料工程師(AI data Engineer)(SCA)_DSM先進運營技術(台北/中科),"1.	以機器學習、深度學習、統計與作業研究等技術，分析內外部客戶資料，提供合適的解決方案
2.	研究與開發人工智慧之演算法、應用和服務
3.	設計、協助及管理資料分析及最佳化專案、培訓等業務推動
4.	針對台達工廠製程相關數據進行分析技術研究與開",待遇面議
樂居科技股份有限公司,數據工程師 Data Engineer (python),"樂居持續開發新功能中，邀請優秀的數據工程師加入我們！

# 主要工作內容
* 數據處理 - 建立資料倉儲、資料湖，ETL 工具與流程
* 數據串接 - 協助串接內外部資料，應用資料
* 數據分析 - 資料準備、分析應用
* 網站開發 - 協助更新",待遇面議
中華資安國際股份有限公司,【2024年研發替代役】演算法研發工程師,"此職務將以 機器學習/深度學習之相關資安應用研究與發展為主，人才於團隊需與其他資安專家團隊合作，尋找與設計可用於解決資安實務之演算法模型，並與產品小組合作將演算法模型商品化。

此職務於團隊預計會投入的工作內容包括以下：

1. 研析國內外機器學習",待遇面議
華碩電腦股份有限公司,RD20317 機器學習工程師,"1. 研究統計模型、機器學習及深度學習模型概念與技術，並運用於專案研發與分析預測。 
2. 清整數據並進行特徵工程以優化AI模型效能。 
3. 將開發完成的ML/AI系統部署至特定平台以實現內部或外部使用者需求。 
4. 清楚闡述專案核心概",待遇面議
POSITIVE GRID_佳格數位科技有限公司,【機器學習工程師】Machine Learning Engineer,".Positive Grid is devoted to creating cutting-edge technologies to revolutionize the world’s music production. Machine learning team is looking for a proactive, good-communicator and hardworking ML engineer to advance the technologies of guitar/music production. Our projects involve music generation, guitar amp modeling and other machine learning based technologies to extend the Positive Grid’s guitar music creation ecosystem.

【Typical Accountabilities】
- Study Music Generation, Virtual Analog (VA) Modeling (e.g., Amp/Pedal Modeling), Tone -Transfer, and Guitar Tablature Transcription (GTT), guitar/audio relevant machine learning topics
- Cooperate with DSP engineers and product team to develop cutting-edge technology for solving music-related problems
- Develop real-time machine learning inference cross-platform library
- Cooperate with application engineers to integrate machine learning based library",待遇面議
灼見運動數據有限公司,電腦視覺/影像處理演算法工程師,"• 樂於團隊合作並提出想法、討論和溝通
• 有影像處理，電腦視覺相關知識，並能解讀和評估相關專利與論文的能力尤佳，或具備興趣學習者
• 具備C#程式和Python程式的撰寫能力
• 曾開發完成過OpenCV相關的影像專案","月薪60,000~110,000元"
台泥企業團_臺泥資訊股份有限公司,生成式AI工程師,"1. 發展運用以ChatGPT等AI工具的工作方法，提升程式開發的生產力，落實於企業團各項重大軟體專案
2. 機器學習、深度學習或其他相關演算法開發
3. 研究AI各領域最新技術發展",待遇面議
禾多移動多媒體股份有限公司,資料探勘工程師,"工作內涵：

1. 擷取、管理、處理(各產品結構與非結構資料)數據，把龐雜的巨量資料整理出脈絡、洞察商機。

工作內容：

1. 擷取、管理、處理數據。
2. 整理龐雜的巨量資料(各產品結構與非結構資料等)，以洞察商機。


工作技能：

1. 精通 python
2. 熟悉統計理論與資料探勘技術
3. 有應用資料科學於實務問題之熱忱
4. 良好的溝通與表達能力，與團隊溝通合作

加分條件 :

1. 具有 Data-driven 思維必具備實驗精神且熟悉 A/B Testing。
2. 熟悉 Google Analytics 等數據分析平台或工具。 
3. 熟悉 SQL 語法，擁有從關聯式資料庫查詢資料的經驗。
4. 有使用過GCP, AWS 等雲端服務經驗
5. 熟悉Linux 系統操作","年薪650,000~900,000元"
神準科技股份有限公司,(1660) Camera AI 演算法開發工程師-南港,"1.Camera ISP影像處理及3A演算法調適.		
2.Computer Vision (CV)電腦視覺演算法開發.			
3.Artificial intelligence (AI) 機器學習演算法開發.			
4.3rd party AI",待遇面議
資策會_財團法人資訊工業策進會,【數位院】人工智慧應用軟體開發工程師,"1.住商節能技術演算法開發，並於住商能源產業實際應用
2.模型專案實作開發，包含數據清洗、特徵工程、模型建置與參數優化等
3.有能力獨立展開研究，解決挑戰性的問題
4.熟悉如何處理、整理訓練資料集",待遇面議
台達電子工業股份有限公司 _DELTA ELECTRONICS INC.,【2024研發替代役暨預聘】AI影像分析及應用工程師(ARC)_DSM先進運營技術(台北),"本職缺主要工作內容:
1.	研究與開發人工智慧之AOI影像分析演算法，提供合適的解決方案
2.	與內外部平台的功能介接及整合、程式撰寫、測試修改、後續修訂
3.	熟悉內部使用工具，並團隊相關進度追蹤及討論會議
4.	研究並引入新技術或工具，持續改良及優化工作效率。",待遇面議
東捷資訊服務股份有限公司,AI人工智慧研發工程師,"工作內容：
1.使用 python 語言開發人工智慧演算法相關領域
2.與團隊成員合作，驗證各種深度學習演算法模型
3.有能力獨立展開研究，解決挑戰性的問題
4.熟悉如何處理、整理訓練資料集",待遇面議
國家資通安全研究院,【威脅分析中心】資安資料分析工程師,"1.骨幹網路資安資料分析
2.政府資安監控情資分析
3.資料數據機器學習應用
4.資安自動化分析系統維運
5.其他主管之交辦事項
專業能力：具程式能力尤佳",待遇面議
威倫電子股份有限公司,AI應用工程師,"，通過深度學習和機器學習技術，協助實現更精准的預測和分析。

【職責】
•	AI工具推廣：協助團隊更深入理解和使用AI工具，通過培訓和支持，確保團隊充分利用AI技術，提升工作效率。
•	工作流程自動化：瞭解業務流程並以自動化方式優化流程，提高效率和","月薪50,000~100,000元"
眾匯智能健康股份有限公司,AI工程師,"1.機器學習及深度學習演算法程式撰寫(NLP優先)
2.生成式AI(Gen AI)之導入研究及實務運用
3.參與各項智能醫療產品之開發計劃
4.嶄新團隊，可參與大學產學合作、政府計畫及創業競賽等計畫",待遇面議
德律科技股份有限公司,R2: AXI 演算法研發工程師-241,"1. 影像處理、電腦視覺、機器學習演算法設計、數值最佳化演算法設計開發。Image Processing、Computer vision,、Object detection and recognition、 Optimization",待遇面議
台中商業銀行股份有限公司,資訊部門-機器學習工程師(台北地區),"1.參與機器學習專案開發、資料科學相關研發任務並應用於金融場景。 
2.利用機器學習模型來優化公司內部流程、提升服務品質。","月薪38,000~65,000元"
關貿網路股份有限公司,AI工程師,"1.以AI演算法進行模型開發
2.AI模型調校及優化",待遇面議
禾多移動多媒體股份有限公司,演算法工程師,"【工作內容】
1.使用資料科學技術剖析數據，協助產品成效優化及發展方向
2.定義資料收集與後續分析需求，建構所需要的資料處理流程並協同公司資料團隊進行資料處理(清洗、ETL、標籤、特徵提取等)
3.依據資料處理與分析需求建構模型，視實際情況調整並優化模型與流程進行數據追蹤和分析，資料優化與分析報表視覺化的追蹤
【必要條件】
1. 良好的溝通與表達能力，與團隊溝通合作
2. 熟悉 ML.DL 相關知識
3. 熟悉Python程式語言
4. 熟悉Linux 系統操作
5. 熟悉資料庫程式語言 SQL
【加分條件】
1. 推薦系統處理專案經驗佳
2. 自然語言處理專案經驗佳
3. 影像處理專案經驗佳
4. 曾參與ML相關研究、競賽或發表論文經驗佳
5. 熟悉 Google Analytics 等數據分析平台或工具。
6. 有使用過GCP, AWS 等雲端服務經驗佳 

大學畢業年薪1,000,000元 ~ 1,100,000元
研究所以上畢業年薪1,100,000元 ~ 1,200,000元","年薪1,000,000~1,200,000元"
國泰金控_國泰金融控股股份有限公司,"資料科學工程師 Machine Learning Engineer  - 人工智慧科技 (數數發中心, DDT)_I00016271","## 工作內容

1. 與資料科學家及專案經理緊密合作，共同設計和開發機器學習模型；
2. 將從資料科學家那裡獲得的原型轉化為可擴展、高效的生產級系統或服務；
3. 協助進行數據預處理、清理和分析，確保模型的質量和準確性；
4. 優化現有模型，",待遇面議
Taiwan AI Labs_雅婷智慧股份有限公司,NLP Engineer 自然語言處理工程師,"【About the Role】
- Investigate and implement state-of-the-art approaches of text generation, question answering, and machine translation.
- Establish and maintain automated pipelines for model inference, data analysis and online learning.
- Develop and maintain a real-time news and public opinion analysis system.
- Conduct text and network analysis on various social media platforms for opinion leader mining and community detection.


【Minimum qualifications】
- Experience in machine learning, data mining and natural language processing.
- Experience adapting pre-trained language models such as BERT, GPT-2, and T5.
- Experience programming in C++, Python or related language.


【Preferred qualifications】
- Familiar with knowledge distillation like teacher-student learning paradigm.
- Familiar with ElasticSearch, passage retrieval and contrastive learning.
- Familiar with sequence to sequence learning and controllable sequence generation.",待遇面議
沛然資訊有限公司,量化策略與金融大數據工程師,"1. 量化交易相關資料庫的維運。
2. 量化交易系統新介面、新功能模組的開發及維運。
3. 投資策略因子分析，包括找尋新因子、建構策略。
4. 協助維護公司量化交易系統，包括交易策略、風險控制、交易盈虧計算 。",待遇面議
台灣萬和科技有限公司,Senior Software Algorithm Engineer (Computer Vision/AI) 高級AI算法工程師(視覺圖像),"等；
3、能夠獨立支撐產品的算法開發，同公司前台產品開發部門和測試部門等工程部門密切溝通合作，參與項目的數據清洗、算法設計實現、性能優化、實施部署、使用者反應跟踪的全方位研發工作。

工作要求
1、碩士及以上學歷，博士尤佳，主修資訊工程、機器學習、","年薪1,600,000~3,000,000元"
宏成半導體科技股份有限公司,AI工程師(在家連線至公司電腦),"小型GPT 模型建立, 及訓練",待遇面議
所羅門股份有限公司,視覺事業處_AI工程師(Python)_(VBU),"，採用先進的深度學習技術，像是為機器人裝上眼睛與大腦，賦予機器人感知能力，能成功辨識物件與位置，讓機器人做到過去難以達成的任務，為工廠帶來全新應用體驗。
自主研發產品：AI驅動AR裝置（穿戴式 / 攜帶式 AI裝置）、深度學習視覺軟體 （",待遇面議
夏酷科技股份有限公司,Data Engineer 數據工程師,"Python 程式處理能力
2. ETL 排程工具開發經驗，如：Dataflow、等
3. 熟悉雲端環境，如：GCP、Azure、AWS等。
4. 樂於學習新技術，積極肯做的工作態度。
5. 具備Git 版控使用經驗
6. Docker or",待遇面議
未來市股份有限公司,"【Studio】機器學習工程師, 應用於AI虚擬人","我們正在尋找對機器學習應用於虛擬人領域充滿熱情和專業知識的人才。我們的目標是基於電腦視覺技術，開發並優化「虛擬人的即時呈現真人表演」之演算法，包括但不限於以下項目：
●	全身動作呈現
●	手勢呈現
●	人臉表情呈現

這份工作需要您對機器學習、電",待遇面議
杰倫智能科技股份有限公司,網頁前端開發工程師 (AI/機器學習平台),本公司是由一群曾任職國際軟體大廠與高科技製造業十多年的專家所創立。我們非常熟悉企業營運系統、物聯網應用、以及設備/信息/自動化/工廠管理等相關技術，希望運用過去累積的企業與工廠管理及物聯網應用經驗，搭配自主研發的AI機器學習技術平台，協助企業以合,待遇面議
邁達特數位股份有限公司,AI 工程師/機器學習工程師/資料科學家/數據應用分析師【產品五處/台北】,"1.負責資料收集、資料清理、模型建置、數據視覺化報表產出					
2.使用資料科學技術剖析數據，協助產品成效優化及發展方向					
3.協助社群網路輿情分析及文字探勘，進行關鍵字擷取、文本分類等 NLP 任務					
4.熟悉 Python/ML 相關知識，包含 Pandas, Numpy, Sklearn, Tensorflow, PyTorch 等模組					
5.熟悉資料庫程式語言 SQL					
6.加分：有使用過 Azure 等雲端服務經驗					
7.加分：具推薦系統處理專案/自然語言處理專案經驗",待遇面議
殷富資訊股份有限公司,EIS| 數據工程師,"並具備使用其語言開發實際分析經驗。
4. 可視化分析結果，並協同前端、後端工程師進行網頁設計與開發。",待遇面議
富邦媒體科技股份有限公司(富邦momo),D4000 資深機器學習工程師,作為廣告引擎的資深機器學習工程師，您的主要職責是利用先進的機器學習技術來提升廣告系統的效能和智能化。設計、開發和實施機器學習模型，以提高廣告的目標達成率、點擊率和轉化率。將機器學習模型無縫整合進現有的廣告系統架構中，確保模型的高效運行與穩定性。與,待遇面議
中國信託商業銀行股份有限公司,科技金融_資料科學家/深度學習演算法工程師(電腦視覺/應屆畢業可),"1.進行深度學習算法研發來解決金融業場景問題 
2.既有核心模型依專案需求進行模型架構微調與訓練優化 
3.應用電腦視覺相關之深度學習演算法經驗協助完成行內專案: 研究與評估最新算法，將創新研究的理論結合至專案中 
4.視專案需求執行可行性與效度",待遇面議
飛捷科技股份有限公司,(M05)資深 AI 演算法工程師,"負責人工智慧學習演算法開發包含：
1. 規劃演算法架構
2. 演算法實作及驗證
3. 進行演算法精確度及效能分析
4. 疊代式調整演算法以達成客戶需求",待遇面議
POSITIVE GRID_佳格數位科技有限公司,【音訊處理工程師實習生】DSP Engineer Intern,"Positive Grid is devoted to creating cutting-edge technologies to revolutionize the world’s music production. We are looking for a DSP intern engineer to join the DSP Team to develop audio effects, MIR(music information retrieval), and computational audio topics in the future.

【Typical Accountabilities】
- Collecting and researching the latest technology related to MIR (Music Information Retrieval), Computational Audio, or Audio Post-Processing(Audio Enhance, Mixing/Mastering…etc).
- Demo and apply MIR, Computational Audio and Audio Post-Processing technologies in our products.",待遇面議
博弘雲端科技股份有限公司,DATA_(資深)資料工程師,"【工作內容】
1. 將概念性想法設計規劃為可執行的解決方案
2. 大數據專案的規劃，數據接入、清洗、建模與可視化的設計
3. 與機器學習工程師、雲端架構師、PM密切合作共同合作完成專案,供客戶高質量的雲端數據相關服務
4. 負責協助客戶整合、設計",待遇面議
創造智能科技股份有限公司,前端工程師,"1. 與UI、UX、後端協作開發網頁應用與維護。
2. 維護並優化頁面效能及使用者操作流程與體驗。
3. 熟悉前端建置與佈署，透過API 串接與後端程式溝通。
4. 解決瀏覽器的相容性問題。

必備技能： 
對於 Git 和 linux 等開發環境及透過 API 與 Server 介接服務駕輕就熟，並熟悉:
1. HTML, CSS, Javascript, Ajax, jQuery
2. 響應式網頁設計(Responsive Web Design)
3. Vue.js 與Node.js
4. Web 效能優化( 前端設計和開發流程)",待遇面議
北祥科技服務股份有限公司,AI/大數據工程師,"1.負責協助客戶AI解決方案，特別在圖像識別，語義理解，文字探勘方面
2.深度學習演算法研究與設計，熟悉深度神經網路的常用模型（CNN、RCNN、VGGNet、ResNet、GCN、GAN、GNN等）
3.自然語言處理 end-to-end",待遇面議
安富科技股份有限公司,[台北]音訊演算法工程師,"機器學習演算法架構，如 DNN、CNN、RNN、LSTM等，來實現不同音訊處理演算法應用。
利用Python等模擬開發環境，規劃、設計與驗證音訊處理演算法。
協助建立音訊資料庫，並完成資料建模。",待遇面議
元富證券股份有限公司,6S元富證券-軟體工程師(期貨自營交易系統),"1.期貨/現貨/選擇權交易程式開發
2.海內外策略交易程式開發
3.相關程式日常維運",待遇面議
大數據股份有限公司,資深後端工程師 / Senior Back-End Developer,"【加分條件】
- 有機器學習、深度學習或統計模型經驗
- 熟悉NLP(自然語言處理)，Deep Learning演算法，具備Big Data分析經驗尤佳
- 熟悉Docker容器使用與Docker Compose
- 熟悉一套容器調度工具，",待遇面議
一騰資訊服務股份有限公司,Python/MongoDB 開發工程師 - 金融Fintech專案,"，踏入金融產業的好跳板，獲得更多銀行微服務業務邏輯的經驗
● 學習微服務架構，使個人的技術快速成長，接觸金融界最新的技術",待遇面議
飛捷科技股份有限公司,(A11)影像演算法工程師,"1. 開發ROS應用(AMR/Robots)
2. 感測器融合與機器人定位
3. 設計路徑規劃演算法、演算法驗證
4. 分析產品應用
5. 版本控制與技術文件協助建立SOP
6. 部屬程式、協助實體機器測試

*薪資與職稱依學經歷核定",待遇面議
華城電機股份有限公司,(台北)全端工程師 (儲能中心),"熟悉或使用MEVN架構 (Node.js、ExpressJs、MongoDB、Vue.js)
熟悉或使用Python、R、MATLAB等
了解至少一種機器學習或資料分析工具或套件與模型建置基礎流程：Scikit-learn、Keras、",待遇面議
禾多移動多媒體股份有限公司,人工智慧系統開發工程師,"【工作內容】
使用資料科學技術剖析數據，協助產品成效優化及發展方向
資料收集、資料清理、模型建置、等工作事項
系統建置及優化
協助研發軟體部分功能與新技術
進行建模與算法實現，並實現自動化與服務化

【必要條件】
1. 良好的溝通與表達能力，與團隊溝通合作
2. 熟悉 ML.DL 相關知識
3. 熟悉Python程式語言
4. 熟悉Linux 系統操作
5. 熟悉資料庫程式語言 SQL

【加分條件】
1. 推薦系統處理專案經驗佳
2. 自然語言處理專案經驗佳
3. 影像處理專案經驗佳
4. 曾參與ML相關研究、競賽或發表論文經驗佳
5. 熟悉 Google Analytics 等數據分析平台或工具。
6. 有使用過GCP, AWS 等雲端服務經驗佳

具有以上條件者佳，若有部份相關條件也歡迎投履歷！","年薪650,000~900,000元"
大云永續科技股份有限公司,AI工程師(台北),"1.	演算法設計、實作及相關程式撰寫。
2.	AI模型訓練、微調、驗證及發佈。
3.	與系統後端進行資料串接及測試。
4.	持續關注如自然語言處理、影像處理及生成式AI技術。",待遇面議
喬山健康科技股份有限公司,總部研發-資深AI演算法工程師(台北內湖區),"1. 開發深度學習演算法建立於跨平台作業環境。
2. 設計/開發/測試/升級/部署，與深度學習相關的專案與產品。
3. 跨部門合作，了解專案需求，包含功能、程序或合規的需求。
4. 研究影像辨識演算法，編譯成SDK。
5. AI系統平台與功能架構",待遇面議
玉山銀行_玉山商業銀行股份有限公司,【儲備幹部】科技儲備幹部(TMA)_軟體工程_機器學習_資訊安全,"以資訊科技加上管理能力的雙軌發展，造就頂尖專家團隊
【專業領域】
1. Fintech：參與全行資訊系統整體發展，以創新技術進行解決方案的設計與規劃，成為專案管理及架構專家。
2. AI-Big Data：透過機器學習演算法解決問題、統籌系統架構",待遇面議
資策會_財團法人資訊工業策進會,【數轉院/跨域實證服務中心】資訊處理工讀生,"1.與部門後端工程師及產品經理協作，協助數據相關專案實作。
2.協助整合及串接不同開放服務API
3.協助部門資料整理/資料分析
4.公開資料查找",待遇面議
Inventec_英業達股份有限公司,Data Scientist (士林),"統落地與執行。中心組織結構扁平，直屬於部門主管，部門同仁多元且合作密切，涵蓋專案經理、資料科學家、人工智慧研究員、以及軟體工程師。數位中心鼓勵中心同仁將成果投稿至學術會議與期刊、技術專利並期許產出能對世界產生影響

工作內容：
1. 資料結構分析:","月薪60,000~200,000元"
瑞昱半導體股份有限公司,Camera演算法開發工程師/專案技術主管(臺北大直),"工作項目 :
1. Camera ISP影像處理及3A演算法開發。
2. Computer Vision (CV)電腦視覺演算法開發。
3. Artificial intelligence (AI) 機器學習演算法開發。
4. 帶領小組團隊研發。",待遇面議
光寶科技股份有限公司,營運功能 TO-數據分析師,"1.參與公司數位轉型專案、訂定年度策略計劃、管理分析工具和數據產品，與公司其他部門合作共贏，達成年度計畫目標。
2.與數據工程師及數據科學家緊密合作，通過數位工具提高生產力以完成數位企業各場景所需的分析及視覺化呈現。",待遇面議
國泰金控_國泰金融控股股份有限公司,"資深資料科學工程師 Sr. Data Engineer(SRE) - 數據技術發展(數數發中心, DDT)_I00016163",我們數據技術發展小組（Data Science & Technology）正在尋找一位有經驗的雲端平台運維工程師（Site Reliability Engineer），專注於投資數據平台的穩定運行、高效性能和安全性。作為投資數據雲端平台運維工程師,待遇面議
永豐商業銀行股份有限公司,數據應用部-資料工程人員,"依個人資訊專長及技能，參與1~3項工作內容
1.模型維運：現行機器學習模型維護
2.網路爬蟲：外部資料爬蟲程式維護與開發
3.資料治理：維護與管理資料字典及資料品質
4.資料倉儲：伺服器監控與管理、資料倉儲架構設計、資料倉儲程式開發(SQL,",待遇面議
元富證券股份有限公司,5S元富證券-軟體開發工程師,"1.有CUDA開發經驗者
2.有C++ , C#開發經驗者",待遇面議
萬達人工智慧科技股份有限公司,資深 機器學習營運工程師  / Senior MLOps Engineer,"1、計算機科學，計算機工程或電氣工程或深度學習，機器學習和自然語言處理相關領域的碩士或博士學位。
2、熟悉日語和動畫/角色行業是加分項。
3、使用RAG，SelfRAG，VectorDb，GraphDB的經驗。
4、使用LLM優化框架的經驗，例如","月薪100,000~160,000元"
國立臺灣大學,演算法開發工程師,".大專/研究所以上

【加分條件】
具備深度學習、機器學習、統計分析、資料探勘（machine learning, deep learning, statistical modeling, data mining）之研究背景或實務經驗

工作資訊","月薪65,000元以上"
艾奈科技有限公司,CV Research Scientist,"這是一個充滿挑戰和機會的角色，您將與我們的工程師團隊密切協作，推動技術的創新並應用於 AinekoX 的全球遊戲服務。

如果您渴望成為 Computer Vision 業界的專業人士，並在遊戲行業中發揮您的才華，這是一個絕佳的機會。
我們期待與","年薪850,000~1,500,000元"
萬達人工智慧科技股份有限公司,機器學習營運工程師 / MLOps Engineer,"1、開發經驗數據分析，特別是LLM和多模式基礎模型。
2、使用深度學習框架，如TensorFlow和PyTorch的經驗。
3、使用RAG，SelfRAG，VectorDb，GraphDB的經驗。
4、使用LLM優化框架的經驗，例如VLLM、","月薪70,000~100,000元"
創思達科技股份有限公司,演算法開發工程師,".大專/研究所以上

【加分條件】
具備深度學習、機器學習、統計分析、資料探勘（machine learning, deep learning, statistical modeling, data mining）之研究背景或實務經驗

工作資訊","月薪65,000元以上"
艾奈科技有限公司,Data Scientist,"▍About this Role

這可不只是ㄧ份簡單的工作，而是個充滿挑戰又擁有巨大影響力的機會！

我們在找一位對數據科學充滿熱情，願意挑戰業界極限的夥伴。身為數據科學家，你將直接參與塑造 AinekoX 的未來，而你的工作將對整個 AinekoX 產生深遠的影響。
在這個角色中，您將有機會：

• 產業影響： 成為塑造遊戲和廣告產業未來的關鍵角色，推動數據科學在業務中的創新應用。
• 創新發展： 參與數據科學領域的前沿專案，挑戰和不斷拓展您的技能和知識。
• 團隊協作： 與跨功能團隊合作，共同解決業務挑戰，實現數據驅動的決策。
• 成就感與專業成長： 在這個快節奏的環境中，您的工作將被重視，並為您的專業發展提供獨特的機會。

▍Responsibility

1. 營運場景創新：在廣告或遊戲產業營運場景中，提供創新的數據科學解決方案，協助推動業務增長和效益提升。

2. 數據驅動業務實踐：建構數位化產品和工具，實施數據驅動的業務實踐，促進業務智能化發展。

3. 內部合作與問題識別：與公司內部利益相關者緊密合作，識別和分析業務問題和機會，提供數據支持的決策建議。

4. AinekoX 產品優化：設計、評估和驗證改進 AinekoX 產品的數據科學模型，提高平台的效能和用戶體驗。

5. 定量和定性建模：進行對業務動態、用戶行為等方面的定量和定性建模，提供深入見解和改進方向。","年薪900,000~1,800,000元"
數碼虛擬人科技有限公司,【AIGC】Machine Learning (資深)機器學習科學家(人臉影像),"三、有1年以上電腦視覺研發經驗；
四、熟悉python、C/C++ 程式語言，有良好的編碼習慣；
五、具備良好思維能力、自主學習能力和獨立解決問題的能力
六、樂於從事有助於商務研發工作，能跟3D美術設計師、遊戲引擎工程師緊密合作並達成公司目標
七",待遇面議
立達信集團_立信電子科技有限公司,AI演算法工程師-機器學習類,"1. 能實作數據分析，將感測器收集數據進行預測、分群及分類等分析。
2. 能夠獨立進行ETL等相關作業含：資料清洗、建檔
3. 能夠實作各回歸及分類機器學習模型：ex：SVM、LightGBM、XGBoost
4. 能夠實作統計方法：ex：",待遇面議
城邦媒體控股集團_城邦文化事業股份有限公司,演算法工程師(TOC),"1.進行演算法設計，使程式設計人員使用更方便。
2.對現有演算法進行分析、檢測與改良。
3.針對現有模型或系統提出相對優化的方法。
4.應用機器學習演算法於內容、行為、最佳化搜尋與資料探勘等相關技術的分析。
5.進行輿情分析、文字探勘、關鍵字擷取",待遇面議
仁寶電腦工業股份有限公司,PA1469 機器學習專家工程師/高級工程師(內湖),"1. 負責開發和訓練人工智能模型，這包括數據收集、特徵提取、模型設計和優化
2. 機器學習，統計建模，深度學習（自然語言/圖像），優化算法（OR），數值模擬...等
3. 實際應用的模型/算法構建
4. 執行探索性數據分析的高級能力和統計工作知識","月薪36,000~60,000元"
同方投資有限公司,AI工程師,"●工作內容
・規劃資料的收集 / 生成策略，並協助資料的收集與生成。
・透過統計或機器學習、深度學習等方法，產出合適的資料分析模型。
・數據工程的自動化、監控與維運。

●工作環境
・組織扁平，跨領域溝通是日常。
・重視個人成長，也有定期的技術與",待遇面議
統一資訊股份有限公司,數據工程師Data Engineer,"6. 數據系統囊括雲端與地端技術。
7. 其他主管交辦事項。

【經驗需求】 
1. 具備兩年以上數據系統開發與維運管理經驗。
2. 具備兩年以上使用Python和數據庫管理（SQL和no-SQL）的經驗。
3. 具備大數據系統維運和機器學習工具（",待遇面議
域動行銷股份有限公司,【產品處】RD技術開發總監,"工程（DE）和數據科學（DS）領域。
 
Preferred Qualifications：
1.          有廣告產業相關經驗尤佳
2.          出色的溝通和協調能力，能夠與多部門有效合作。
 
我們的公司文化：
在域動行銷，我們",待遇面議
凸版蓋特資訊股份有限公司,Python 後端工程師,"# Job Description

## 工作內容

### 描述

- 開發手機串接API
- 與機器學習工程師合作、討論、開發
- 行政人員後台畫面、功能
- 程式部署、文件撰寫

### Technical Stack

- Jira,","月薪60,000~100,000元"
英屬開曼群島商萬里雲互聯股份有限公司台灣分公司,雲端解決方案架構師 Cloud Solution Architect (Presales),"以上或同等機器學習工程師實作經驗
一年以上DevOp工程師實作經驗
熟悉restful 架構(Django, flask, falcon等)
具備FSI或半導體相關客戶服務經驗尤佳",待遇面議
夏酷科技股份有限公司,Business Intelligence Analyst 商業分析師,"【工作內容】
- 設計、定制儀表板，並為客戶提供分析洞察。
- 構建新的工具和改進現有工具，以增強數據團隊的內部工具箱。
- 進行關於尖端數據科學技術、方法、工具和應用場景的研究。
- 與數據科學家、項目經理、產品經理、數據工程師、網頁開發人員等",待遇面議
國泰金控_國泰金融控股股份有限公司,"實習 - 資料科學分析師 Data Scientist R&D Intern - 人工智慧科技科 (數數發中心, DDT)_I00015974","技解決實際的商業問題；
-	建立快速且高效率的架構：與資料工程師合作進行 AI 應用服務解決方案的架構設計與開發；
-	配合執行基於上述任務目標的相關工作。
-	我們發展中的技術包含但不限於，檢索增強生成（Retrieval-Augmented",時薪200元
國泰金控_國泰金融控股股份有限公司,"資料科學分析師 Data Scientist - 人工智慧科技 (數數發中心, DDT)_I00014622","結合業務場景解決實際的商業問題；
- 架構設計開發：與資料工程師合作進行 AI 應用服務解決方案的架構設計與開發。

## 我們發展中的技術應用包含但不限於

- 檢索增強生成（Retrieval-Augmented Generation, RAG",待遇面議
網威智慧科技股份有限公司,AI大數據分析師,"工作內容：
1.彙整、分析與定期產出各類型的監測資料或報告 。
2.數據預處理、特徵工程、模型選擇/融合、模型訓練/測試、數據問題分析及解決、模型評估的程式開發。
3.機器學習、深度學習或其他相關演算法開發
4.數據與機器學習模型可視化處","年薪500,000元以上"
中國信託商業銀行股份有限公司,科技金融_數據分析師,"1. 負責需求分析與流程規劃，洞察潛在關鍵應用或數據，並運用內外部數據進行前期探索分析及策略建議。
2. 負責梳理並規劃機器學習研發資料庫架構，建立數據品質流程管理與維護計畫，掌握數據產品策略及生命週期。
3. 能將數據應用產品轉化為需求文件、系",待遇面議
中國信託商業銀行股份有限公司,科技金融_資料科學家/深度學習演算法工程師(熟電腦視覺/OCR/GNN),"1. 進行強化學習研發解決金融業場景問題
2. 應用電腦視覺經驗完成行內專案: 定義問題範圍、最適合的深度學習做法及評估優化方法
3. 協助內部產品經理針對未來的專案分析研發潛在問題
4. 了解相關創新研究的理論並結合至專案中
5. 與IT/架構",待遇面議
立達信集團_立信電子科技有限公司,研發演算法工程師,"【技術開發】
1. 深度學習、機器學習相關開發與應用
2. 影像處理算法開發
3. 資料處理與AI驗証
4. 技術文件撰寫
5. 其他主管交辦事項

【項目管理】
1. 研發項目開發時程管控
2. 推動項目之技術測試、管理及問題追蹤
3. 技術資",待遇面議
拓樸龍科技股份有限公司,產品開發工程師,"【工作內容】
1. 平台系統各項功能設計開發
2. 後端API設計開發
3. 後台系統設計開發
4. 規格文件進行開發，需與前端工程人員配合
5. 需要部分Type Script/html 修改能力

【工作條件】
1. 需有2-4年經驗以上C#","年薪650,000元以上"
遊戲橘子數位科技股份有限公司,大數據高級工程師,"1. 透過Hadoop、Greenplum等資料庫系統執行各遊戲資料建置及串接工作
2. 日常數據異常監控及回補，為資料流程進行維護及優化
3. 協助資料分析師、機器學習工程師等上游需求數據之產出
4. 內部infra相關工具之開發及維護、後端應",待遇面議
立達信集團_立信電子科技有限公司,影像演算法工程師,"1.深度學習開發與應用(物件偵測、行為偵測)
2.機器學習相關應用
3.Opencv、Dlib影像處理算法開發
4.輕量級深度學習算法並嵌入各系統平台
5.資料處理與AI驗証",待遇面議
干城數碼有限公司,資料科學家 Data Scientist,"這份職位將參與知名消費電子品牌數據分析部門專案，與多位資料科學家、資料工程師合作，為企業打造數據加值的解決方案。

我們團隊利用多元的量化分析工具，曾推動多個具有影響力的專案，如「產品銷量預測、零件需求預測、產能規劃最佳化」，應用到的方法包括：",待遇面議
國泰金控_國泰金融控股股份有限公司,"雲端技術專案管理師- 雲端數據發展 (數數發中心, DDT)_I00015377","【工作內容】
1.    推動集團數據上雲或數據部內數據相關專案之策略規劃、環境建置，並協調跨公司、跨職能團隊資源，促成專案落地
2.  負責資料工程開發或資料分析相關需求之專案規劃、執行、進度追蹤、風險控管及資源協調，並與資料團隊密切合作，共同",待遇面議
博弘雲端科技股份有限公司,DATA_資料分析師,"【工作內容】
1. 將概念性想法設計規劃為可執行的解決方案
2. 大數據專案的規劃，數據接入、清洗、建模與可視化的設計
3. 與機器學習工程師、雲端架構師、PM密切合作共同合作完成專案,供客戶高質量的雲端數據相關服務
4. 負責協助客戶整合、設計",待遇面議
台灣庫卡股份有限公司,機器人應用工程師(無經驗可),"➤我們正在擴充部門，尋找充滿激情和創造力的應用工程師加入我們的團隊。如果你對於機器人充滿熱情，那麼這裡正是你的舞台！

▶▶工作內容(職責)◀◀
1.	確認並依照專案範圍、功能等完成設備交付和安裝及調試。
2.	依照專案及合約承攬內容與客戶協調相","月薪32,000~80,000元"
超鉞科技股份有限公司,AI工程師,"工作職責及能力要求：
- 依據需求整合機器學習平台(例如 TensorFlow、CoreML) 。
- 設計實驗以提高模型預測準確性 。深度學習演算法研究與設計，
- 熟悉深度神經網路的常用模型（CNN、RCNN、VGGNet、ResNet、","月薪40,000元以上"
裕富數位資融股份有限公司,裕隆集團關係企業-資料科學家,"1.業務端需求訪談、資訊蒐集
2.資料初步探勘、分析企劃
3.針對資料進行資料處理、統計分析、前瞻模型預測
4.資料視覺化儀表板開發
5.協助分析儀表板與平台分析功能上線測試
6.資料分析及簡報製作",待遇面議
全科科技股份有限公司,機器學習應用工程師,"工作內容：
將機器學習應用移植到Edge AI SoC或MCU上。包含
- 依照需求開發、調整、訓練模型
- 熟悉Tensorflow、ONNX、或其他相關框架
- 熟悉Python以及C/C++
- 熟悉影像處理方法與OpenCV與協作廠商溝通",待遇面議
艾奈科技有限公司,MLOps Engineer,"進一步推動 MLOps 的最佳實踐。

▍Responsibility

1. 將離線模型數據轉化為真正的機器學習開發系統，確保模型能夠順利部署和運行。

2. 機器學習應用中引入軟體工程的嚴謹性和最佳實踐，包括 CI/CD、自動化等原則。

3.","年薪1,000,000~1,800,000元"
數碼虛擬人科技有限公司,【AIGC】Generative AI Enginee AI工程師(影像生成),"DALL-E2、Stable Diffusion、Codex），並對這些模型的能力和限制有深入的了解。

4.對以下任一技能熟悉：深度學習框架、NLP-語境理解和話題追蹤；NLG-摘要、提示工程、指令調整、RLHF、聊天機器人構建、視覺提問和回答/字幕、",待遇面議
萬豐人力資源管理顧問有限公司,"J- CTO <協作機器人資歷優先> / 台北, 國際機器人公司","國際協作機器人公司, 需求一名跨國際團隊溝通與管理之 CTO
主要帶領AI, 數據, 影像視覺, 軟體, 硬體與韌體, 並偕同代工廠進行協作機器人產品優化、問題排除與新技術導入與驗證服務; 與歐洲AI數據科學家及台灣軟硬韌體團隊共同打造創新機器人",待遇面議
法商伊索曼有限公司台灣分公司,機構設計研發工程師,"果您對上述項目有興趣且充滿動力，誠摯歡迎您的加入，讓我們一同開發優秀的醫療器材產品。

┃工作內容
• 該職位主要負責機器人手臂的機構設計和開發。
• 配合系統工程師、醫療器材研發工程師及醫療器材法規人員等執行設計和開發的工作，確保符合相關規範和要",待遇面議
Aptly Technology Taiwan._台灣適宜科技有限公司,MS Open AI工程師,"職位描述：
我們正在尋找一位經驗豐富的MS Open AI工程師加入團隊。候選人將負責規劃和實施資料收集和生成的策略，並運用統計分析、機器學習和深度學習方面的專業知識去開發合適的資料分析模型。此外，還將參與自動化、監控和維護數據工程過程。

主要",待遇面議
台泥企業團_臺泥資訊股份有限公司,儲能數據分析工程師,"4. 機器學習、深度學習或其他相關演算法開發。
5. 由數據角度協助儲能系統設計與建置，優化儲能系統效能。
6. 其他主管交辦事項。",待遇面議
台泥企業團_臺泥資訊股份有限公司,儲能數據分析工程師,"4. 機器學習、深度學習或其他相關演算法開發。
5. 由數據角度協助儲能系統設計與建置，優化儲能系統效能。
6. 其他主管交辦事項。",待遇面議
英屬開曼群島商萬里雲互聯股份有限公司台灣分公司,雲端架構師 Cloud Architect,作為 CloudMile 的雲端架構師，您將在開發和整合不同的雲端架構方面扮演重要的角色，包含應用程式開發、身份識別和權限管理、網路和數據管理等。您將需要與台灣的跨部門團隊一起合作，包含管理團隊、行銷、雲端工程師、解決方案架構師和機器學習工程師等,待遇面議
台新金控_台新國際商業銀行股份有限公司,〔AI〕AI暨開發工程師(台北),"加入我們，開啟未來科技之門！

 【關於我們】
我們是一個充滿熱情和創新力的團隊，致力於將最酷炫的AI技術、機器學習和大數據分析帶入金融領域，打造出一個既智能又高效的金融生態系統！
我們渴望探索、追求卓越，如果你對技術充滿熱誠，對創新充滿渴望，",待遇面議
聚智網有限公司,BI 及資料分析工程師（可遠端工作）,"本公司主要以RPA數據中台、機器人流程自動化 (Robotic Process Automation, RPA)相關領域應用為主 ：

BI及資料分析工程師

需精熟POWER BI使用及應用，熟悉DAX及SQL

1. Power BI專案之資",待遇面議
振興發科技有限公司,人工智慧工程師,"參與專案系統之人工智慧演算法(影像辨識、資料數據分析、語意分析)設計及程式撰寫，
a. 資訊、數學相關科系畢業為佳。
b. 瞭解 Python 或 R 程式開發能力。
c. 瞭解 機器學習演算法。
d. 願意一起學習","月薪36,000~55,000元"
國泰金控_國泰金融控股股份有限公司,"資料科學分析師 Data Scientist-集團徵才-(數數發中心,DDT)","[主要任務]
1. 機器學習、深度學習或統計分析模型的實作開發，包含數據資料清洗、特徵工程及探索、模型建置與調參。
2. 配合數據技術發展目標，研究與開發可落地實用之新興數據技術，並協助提升金控整體數據技術運用能力


[必要條件]
1. 熟悉",待遇面議
優式機器人股份有限公司,Deep Learning/Machine Learning AI Developer,"我們是來自台灣的新創公司－優式機器人，本公司致力於提供服務型機器人解決方案，期許讓服務型機器人走進每個人的日常生活。

我們正在尋找有熱忱的AI工程師，你將持續探索新技術，在敏捷開發的環境中研發產品，並且持續進行創新服務的技術開發，與團隊一同持續",待遇面議
數位無限軟體股份有限公司,全端工程師【遠端】,"加入數位無限行列，創造出屬於自己的舞台。

數位無限 InfinitiesSoft Solutions 是台灣領先的軟體服務商，有跨雲、跨平台開發整合專利，專門為機器學習/深度學習設計和開發基礎設施協作、編排、管理和自助服務平台。

公司旗艦產品",待遇面議
木刻思股份有限公司,資料工程師 / Junior Data Engineer,"【工作內容】

使用 python、SQL 等工具建置符合客戶分析需求的 Data Pipeline
參與專案產品的設計與開發（e.g., 推薦系統、客戶行為分析、銷售預測、影像辨識 ...）
製作分析與報表工具（e.g. powerBI )
撰寫必要交接文件

【必要技能】

熟練 python 
熟練 SQL 語法
會常用 linux 指令
會基礎 git 指令且了解 git 概念
有統計學概念
【加分技能】

使用 Machine learning & Deep Learning 的分析/建模經驗 ( 極大加分 )
動態網頁爬蟲經驗, 例如 selenium ( 大加分 )
AWS 、GCP 、Azure 或其他雲端平台使用或開發經驗
Hadoop / Spark 等叢集系統 (cluster system) 使用經驗
Git Flow / GitHub Flow / 多人開發協作經驗
使用 R language 或其他統計語言的分析經驗
Dockerize 經驗
Web相關 ( Django、fastapi 等) 開發經驗

【薪資範圍】

Junior 年薪: NTD 50-120 萬 (含 performance & contribution獎金)
Senior 年薪: NTD 120-200 萬 (含 performance &  contribution獎金)",待遇面議
上頂醫學影像科技股份有限公司,軟體醫材研發工程師,"【工作內容】開發醫學影像分析演算法，或人工智慧機器學習演算法
【工作範圍】 
• 開發磁振影像(MRI)資料分析演算法
• 開發人工智慧機器學習演算法
• 撰寫技術相關文件
• 分析並解決使用者之問題與需求",待遇面議
樂學網科技股份有限公司,總管理室 數據探勘工程師,"【工作內容】
1、負責資料收集、自動化資料清理、數據問題分析及解決
2、訓練/微調 AI 模型
3、將生成式AI技術應用於實際解決方案

【擅長工具】
1、Python
2、Jupyter Notebook, Google Colab
3、OpenAI / Azure OpenAI API","月薪35,000~40,000元"
國泰金控_國泰金融控股股份有限公司,"資料科學分析師 Data Science Analyst-商業分析-(數數發中心, DDT)_I00014666","[主要任務]
1. 機器學習、深度學習或統計分析模型的實作開發，包含數據資料清洗、特徵工程及探索、模型建置與調參。
2. 配合數據技術發展目標，研究與開發可落地實用之新興數據技術，並協助提升金控整體數據技術運用能力。

[團隊文化]
- 團隊特色",待遇面議
聖洋科技股份有限公司,【cacaFly】雲端智能中心-實習生 (Intern),"個充滿活力且擁有超棒福利的環境的一員，在雲端領域獲得成就感和能見度。

【工作內容】　
1. 記錄客戶討論內容，以確保溝通流暢且正確。
2. 學習並整理雲端相關知識與產品功能，協助製作簡報以提供團隊參考。
3. 和工程師合作，參與建置簡單的雲端環境",時薪190元
線上探索科技有限公司,研究工程師（Research Engineer）-生成AI,"，分布式集群、多核SMP和GPU）。

最低資格要求：
1.資訊工程或相關技術領域的大學以上學歷，或同等實際經驗。
2.在機器學習、深度學習和/或自然語言處理方面的研究經驗(自學亦可)。
3.Python 開發經驗，以及使用如 PyTorch,",待遇面議
台灣立訊精密有限公司,機器人軟件工程師,"1.負責掃地機器人相關產品軟韌體開發
2.評估客戶需求可行性
3.軟件架構設計與重構",待遇面議
樂約科技股份有限公司,演算法工程師 Algorithm Engineer,"任職要求：
1. 熟悉至少以下一種演算法：目標追蹤演算法、目標運動模型、軌跡生成演算法、深度學習模型預測演算法  
2. 熟悉C/C++、Linux、CMake、Git等開發環境和工具


• Responsible for developing",待遇面議
數位無限軟體股份有限公司,後端工程師【遠端】,"加入數位無限行列，創造出屬於自己的舞台。

數位無限 InfinitiesSoft Solutions 是台灣領先的軟體服務商，有跨雲、跨平台開發整合專利，專門為機器學習/深度學習設計和開發基礎設施協作、編排、管理和自助服務平台。
公司旗艦產品AI",待遇面議
皇基股份有限公司,自動化開發工程師,"】
Python語言、C#、C++、T-SQL。
▹熟悉影像處理、電腦視覺、圖樣識別與機器學習領域者。
▹具備YoloV4、Keras、整合AI平台、OpenCV開發經驗者。
▹具備SolVision或 VisionPro Deep",待遇面議
國泰世華商業銀行股份有限公司_人力資源部,"【數位驅動】資料科學工程師(數數發中心,DDT)","1.數據介接、清洗、處理與數據模型的程式開發
2.網路爬蟲、數據工程 API 程式撰寫
3.與數據分析師合作，進行機器學習、深度學習與統計分析模型的維運化程式開發
4.ETL Pipline 的工具開發與維護
5.協助新系統上線
6.數據工程的自",待遇面議
欣坊股份有限公司,Senior AI / Robotics Engineer 資深機器人 AI 軟體工程師,我們正在尋找一位具有豐富的 AI 軟體技能和 ROS Robotics 技能的資深工程師。工作將參與各種感測器的數據紀錄，進行數據分析，並透過資料來訓練智慧自動化的機器人。您將有機會參與整個開發生命周期，從概念到實現，與團隊共同打造 - 改變餐飲,待遇面議
奕瑞科技有限公司,影像辨識工程師(台北總公司),1. 擅於以人工智慧進行圖像內容識別與影像處理 2. 具電腦視覺/影像處理/人工智慧/機器學習/等相關背景知識優先 3. 具有GPU運算(CUDA or OpenCL)撰寫經驗者尤佳 4. 熟悉 C++/Java/Python 程式語言設計 5.,"月薪45,000~55,000元"
杰倫智能科技股份有限公司,演算法開發工程師,"l  運用統計及機器學習等技術，針對產品規劃需求，研發與實作演算法程式碼 
 l   演算法設計、開發與驗證 
 l   協助專案研發與新技術的導入。 
 l   數據分析、建模等相關工作，並進行模型評估 
 l  資料視覺化設計",待遇面議
數位無限軟體股份有限公司,前端工程師【遠端】,"加入數位無限行列，創造出屬於自己的舞台。

數位無限 InfinitiesSoft Solutions 是台灣領先的軟體服務商，有跨雲、跨平台開發整合專利，專門為機器學習/深度學習設計和開發基礎設施協作、編排、管理和自助服務平台。

公司旗艦產品",待遇面議
台泥企業團_臺泥資訊股份有限公司,AI 人工智慧開發架構師,"1. 協助儲能/電池/智慧電網等新能源智能專案模型需求訪談與前導分析。
2. 依專案需求與數據來源，進行數據研究與模型架構研究。
3. 模型專案實作開發，包含數據清洗、特徵工程、模型建置與參數優化等。
4. 模型佈署與上線關鍵指標監控。
5. 協",待遇面議
Inventec_英業達股份有限公司,[AI] 資深軟體工程師 / Senior Software Engineer (士林),"內部工程團隊直接合作。
☆了解 Inventec AI: https://ai.inventec.com/

工作內容：
1.	與其他成員一起Code Review 和系統整合與優化。
2.	設計/開發/測試/升級/部署 與機器學習相關的專案與產品","月薪70,000~200,000元"
多方科技股份有限公司,智慧影音分析 AI 工程師 (Intelligent Audio-Video Analysis and AI Engineer) [Taipei/Hsinchu],"Computer Vision
★ 熟悉單元測試
★ 有版本控制系統 (Git or GitHub) 進行開發的經驗

【Others】：
★ 本公司為 IC 設計公司，核心 IP 均自行設計。工程師可與 IC 設計工程師直接互動，徹底發揮既有晶片性",待遇面議
中國信託商業銀行股份有限公司,科技金融_AI數據科學家,"1.負責利用機器學習、深度學習研發模型並應用於金融場景，如：推薦引擎、異常金流偵測、模型自動化迭代(Auto Retrain)
2.負責模型研發數據前處理、特徵工程
3.負責模型上線後模型效度與應用成效追蹤，並持續上線後模型的優化迭代
4.需訪談",待遇面議
Inventec_英業達股份有限公司,[AI] 研究工程師 / AI Research Engineer (士林),"與重要的客戶及內部工程團隊直接合作。
☆了解 Inventec AI: https://ai.inventec.com/

工作內容：
1.	機器學習系統之模型培訓和解決方案設計、改善、與創新。
2.	開發新一代智慧製造、智慧醫療、自主機器等之機器學習",待遇面議
玉山綜合證券股份有限公司,資料工程師 / 數據服務架構師,"1. 資料倉儲管理與數據中心建置與管理
2. 負責資料蒐集及處理各項數據、資料建模、ETL 流程設計及演算法開發
3. 運用常見的 ML 或是 AI 演算法建立行銷、風險管理和流程自動化等應用服務
4. 進行數據應用與串接之需求訪談
5. 營運事項之主協辦及其他交辦事項","月薪35,000~40,000元"
香港商榮誠台灣有限公司,【EP 全球策略佈局】AI 工程師,"1. 熟練掌握 Python、Java等程式設計語言，以及 TensorFlow、PyTorch等深度學習框架。
2. 具備扎實的資料分析、資料採擷和機器學習技能。
3. 熟練掌握自然語言處理技術，包括文本挖掘、語音辨識等。
4. 瞭解鞋業製造的",待遇面議
多方科技股份有限公司,[研發替代役]智慧影音分析 AI 工程師 (Intelligent Audio-Video Analysis and AI Engineer) [Taipei/Hsinchu],"Computer Vision
★ 熟悉單元測試
★ 有版本控制系統 (Git or GitHub) 進行開發的經驗

【Others】：
★ 本公司為 IC 設計公司，核心 IP 均自行設計。工程師可與 IC 設計工程師直接互動，徹底發揮既有晶片性",待遇面議
美商昇迪凡科技術有限公司台灣分公司,逆向分析工程師（windows）,"Andriod與Windows為主要開發平台
3. 推算病毒會對哪些內部架構造成影響，並分析app行為了解相容性
4. 對軟體逆向及兼容性項目感興趣，並不會涉及網路(只需檢查服務能否正常接收的部分)
5. Python為撰寫機器學習、深度學習相關的演算法","月薪50,000~100,000元"
仁寶電腦工業股份有限公司,PA1466 AI/AOI軟體開發工程師(內湖),"1. AOI影像檢測軟體開發
2. TensorFlow x Keras產品影像分類軟體開發
3. 機器學習及深度學習演算法研究

※依學經歷、工作年資敘薪","月薪35,000~60,000元"
遊戲橘子數位科技股份有限公司,機器學習主任工程師_0283*,"1.設計並實施機器學習框架和架構，專注於計算機視覺演算法。
2.擁有面對Ｃ端的工程經驗，能夠理解並滿足客戶需求。
3.進行計算機視覺演算法的研究，包括影像辨識、影像生成和自動化3D建模。根據需求，調整或提出最先進的方法解決問題。",待遇面議
阿福股份有限公司,Senior Embedded Software Engineer  資深嵌入式軟體工程師,"▍About AlfredCamera

From day one, we’ve been guided by the belief that home security should be made accessible to everyone. We started out by offering a software solution that turns your old phone into a security camera in 2014. Since then, this simple but powerful idea has become the go-to security app for more than 70 millions families worldwide. 

In 2022, we launched our first hardware product, AlfredCam, which opened up an exciting new chapter for us. And 2023 is going to be an even more exhilarating year, as we are taking more proactive actions to respond to our consumers and expanding our presence in more countries. If you want to be a game changer for one of the most trusted brands worldwide, we have the right opportunity for you! 

▍About this role

As a Senior Embedded Engineer at AlfredCamera, you will be an integral part of a dynamic team focused on developing hardware-related products. This role presents exciting challenges as we relentlessly pursue the goal of maintaining AlfredCamera's position as the pinnacle of home security experiences in the market.

▍Responsibility

• Play an active role in all phases of the software development life cycle (SDLC), including design, coding, testing, and deployment.
• Drive the embedded software development process, including system-level design, implementation, and optimization, to meet project goals. 
• Collaborate closely with cross-functional teams to define and refine software requirements and specifications, translating them into efficient and robust code. 
• Tackle complex software issues by employing advanced debugging techniques and tools, ensuring rapid issue resolution.
• Take ownership of debugging, performance tuning, and system integration on physical hardware to achieve peak performance and reliability.
• Lead the architectural design, development, and maintenance of AlfredCamera’s software products, ensuring seamless cross-platform compatibility.
• Stay abreast of emerging technologies and industry trends, implementing best practices to enhance the performance and capabilities of embedded systems.","年薪1,400,000~2,000,000元"
LINE TV_巧克科技新媒體股份有限公司,LINE TV 數據工程師 (Data Engineer),"我們是巧克科技新媒體，負責LINE TV營運，目前我們正積極尋找數據工程師夥伴加入我們團隊；資料團隊負責所有跟資料相關活動，從收集產品資料、分析用戶行為，一直到預測用戶活動等等都屬於資料團隊的管轄。 
在這個職位上，會接觸每筆最細節的資料，所有產",待遇面議
華厚股份有限公司,資深系統工程師 / Senior System Engineer | 軟體專案事業處,"解產品, 等於了解系統架構. 系統工程師了解產品之後, 即知如何規劃/部屬, 也取代了 SA/SD 的角色. 惟產品複雜程度高, 雖有制式教材所規範之學習路線, 但資料量頗為龐大, 學習歷程會相對較長.

2.  職缺需求：
 2.1 具備 軟體系",待遇面議
雲育鏈股份有限公司,Python 開發工程師(台北),"供內訓課程也提供一般標準化的課程。

【工作內容】
設計和開發 Python 應用程式：Python 開發工程師的主要職責是設計和開發 Python 應用程式，包括 Web 應用程式、數據分析應用程式、機器學習應用程式等。
編寫高品質的程式碼：",待遇面議
國泰金控_國泰金融控股股份有限公司,"資料科學工程師 （Data Science R&D）雲原生平台產品開發 - 資料科學研發 (數數發中心, DDT)_I00015788","化：

樂於互相分享，善於互相學習
主動發現問題，主動解決問題
討論風氣興盛，沒有階級之分

Lab Team 正在尋找優秀的 Kubernetes 的專家，該職位將負責Kubernetes、KubeFlow相關創新技術研究開發及概念性驗證，職務內",待遇面議
富邦媒體科技股份有限公司(富邦momo),D4000 資料科學家,"1.資料前處理: 數據清洗、特徵工程、特徵選取
2.應用數據挖掘、機器學習、深度學習、最佳化等技術，建立推薦與決策模型
3.成效指標設計，模型驗證與優化
4.模型生命週期管理，保持預測效果與執行效能
5.透過論文與相關技術文件，精進相關技術",待遇面議
和碩集團_和碩聯合科技股份有限公司,【新鮮人專區】2023和碩校園徵才-軟體/通訊類,"透過統計與機器學習建立數據模型分析設備問題並提供錯誤預警、前端網頁開發

[AI演算法開發工程師] 深度學習演算法研究與導入應用與AIOT應用開發

[嵌入式系統工程師] Android/Linux 系統開發、包含Bootloader ,","月薪32,000~62,000元"
永豐商業銀行股份有限公司,財富金融處-數據工程師,"1. 數據介接、清洗、處理及加工
2. 利用機器學習、深度學習或統計分析模型等技術建置模型及調參
3. 配合數位產品發展目標，開發可落地實用之模型及演算法",待遇面議
萬達人工智慧科技股份有限公司,自然語言處理工程師 / NLP engineer . Natural Language Processing,"1. 開發聊天系統語音合成、開發歌聲合成系統。
2. 熟悉現在熱門資料庫、爬蟲、資料搜尋。
3. 熟悉TRANSFORMER、PROMPTING、INSTRUCT TUNING。
4. 熟悉Python、Pytorch、Keras，機器學習(","月薪80,000~120,000元"
華捷智能股份有限公司,服務後端軟體工程師,"公司介紹：
華捷智能致力將Computer Vision應用在零售與餐飲等不同的垂直領域。我們正在尋找有熱情的夥伴與我們一起打造穩定且高效的服務。

職務內容：
我們期望資深軟體工程師能與我們共同進行產品開發的軟體部分 (包含後端系統) 。及對於",待遇面議
炬識科技股份有限公司,員工體驗設計師  Employee Experience Designer  #Agile x HR  #軟體業 #有遠端日,"團隊共識決
 

【 Roles and Responsibility 】
1. Daily 40% - 高效率的思維，創造價值：
(1) 負責軟體工程師的招募及聘用
(2) 營運「阿基米德創客間」，包含與技術社群開課協調，影片剪輯上架
(3) 負",待遇面議
聖森雲端科技股份有限公司,[T200]Java軟體工程師,"條件、技能:
    1. 有2年以上Java開發經驗
    2. 熟悉MVC , Web等應用系統
    3. 了解 Springboot, Spring mvc  
    4. 具Oracle,  SQL開發經驗佳
    5. 擁有好的溝通能力，邏輯思緒清晰，並具獨立運作能力

工作內容:
    1. 協助系統軟體設計、開發、維護
    2. 協助研發軟體新技術與新工具
    3. 撰寫、更新系統開發文件",待遇面議
統一資訊股份有限公司,雲端應用數據工程師Cloud Application Data Engineer,"以雲端服務架構，建立零售產業整合之數據平台。在這份工作你會需要運用許多雲端原生服務、程式撰寫能力及零售產業知識，同時與infra單位密切合作，穩定零售集團數據平台，並將數據平台及雲端服務完美結合，創造使用者即時、活用之數據環境應用於商業模式中。歡迎對雲端系統、架設大數據平台有極大興趣，且想從零售產業資料開始熟悉雲端數據之人才！ 

【工作內容】 職缺隸屬數據中心Team
1. 負責AWS/GCP雲端環境之數據系統。
2. 熟悉雲端數據平台的ETL Pipeline流程，發展數據的自動化處理流程及監控設計等相關技術。
3. 負責雲端數據平台穩定及架構精進，以確保日常數據的運作品質之傳輸性、高效性和準確性。
4. 負責數據與模型服務之API開發、進行CI/CD優化開發與部署流程，以確保數據的安全性和可擴展性。
5. 設計、構建和操作大規模企業的數據解決方案，在大數據架構中，使用雲端原生解決方案，構建數據生產管道。
6. 負責監控/問題解決/維運升級 雲端數據應用服務平台。
7. 其他主管交辦事項。

【經驗需求】 
1. 具備兩年以上使用Python和數據庫管理（SQL和no-SQL）的經驗。
2. 具備兩年以上在AWS/GCP/Azure雲端架構經驗。
3. 具備雲端大數據平台開發和維護，資料處理、儲存、分析相關經驗。
4. 具備開發 Data pipeline/ETL經驗或具DevOps pipeline設計經驗。
5. 具備Linux作業環境經驗或Java 開發和維運經驗。

【技能需求】 
1. 熟悉使用AWS/GCP雲端服務經驗。
2. 熟悉關聯式資料庫SQL及No SQL使用與撰寫經驗。
3. 熟悉Python程式開發經驗。
4. 熟悉Spark、Kafka、Container、Docker開發經驗。
5. 熟悉雲端Data pipeline/ DevOps pipeline開發經驗。
6. 熟習常用的 Open Source 工具實務經驗。
7. 擅長解決問題、除錯、故障排除，提出問題解決方案。

Build a data platform for the retail industry using cloud service architecture. In this role, you will need to utilize various cloud-native services, programming skills, and retail industry knowledge. You will work closely with the infrastructure team to ensure the stability of the retail group's data platform and seamlessly integrate the data platform with cloud services to create a real-time and business-oriented data environment. We welcome individuals with a strong interest in cloud systems and the establishment of big data platforms, as well as those who are eager to gain expertise in cloud data, starting from retail industry data.
【Job Description】This position is part of the Data Center Team.
1. Responsible for data systems in the AWS/GCP cloud environment.
2. Familiar with ETL pipeline processes in cloud data platforms, develop automated data processing workflows, and design monitoring solutions.
3. Responsible for the stability and architectural enhancement of the cloud data platform to ensure the quality of daily data transmission, efficiency, and accuracy.
4. Develop APIs for data and model services and optimize the CI/CD development and deployment processes to ensure data security and scalability.
5. Design, build, and operate large-scale data solutions for enterprises, using cloud-native solutions in big data architectures to construct data production pipelines.
6. Responsible for monitoring, issue resolution, and the operation and upgrade of the cloud data application service platform.
7. Other tasks assigned by the management.

【Experience】
1. Minimum of two years of experience in Python and database management (SQL and NoSQL).
2. Minimum of two years of experience in AWS/GCP/Azure cloud architecture.
3. Experience in developing and maintaining cloud-based big data platforms, including data processing, storage, and analysis.
4. Experience in data pipeline/ETL development or DevOps pipeline design.
5. Experience with Linux operating environments or Java development and maintenance.
Skills Requirements:

【Skills】
1. Proficiency in using AWS/GCP cloud services.
2. Familiarity with relational databases (SQL and NoSQL) and their usage and development.
3. Proficiency in Python programming.
4. Familiarity with Spark, Kafka, Containers, Docker development.
5. Proficiency in cloud data pipeline and DevOps pipeline development.
6. Familiarity with common open-source tools and practical experience.
7. Strong problem-solving, debugging, and troubleshooting skills with the ability to propose solutions.",待遇面議
未來市股份有限公司,【Server】資料工程師,"我們正在尋找對AI與虚擬人領域充滿熱情和專業知識的人員加入我們的團隊。作為AI資料工程師，您將負責開發和維護AI項目所需的資料基礎架構和相關技術。您將與AI科學家和工程團隊合作，確保高品質的資料可供模型訓練和驗證使用

這份工作需要您對AI與虛擬",待遇面議
心流智醫股份有限公司,韌體工程師,"1. 嵌入式系統韌體開發（韌體撰寫與偵錯）
2. 熟BLE、ZigBee等IoT通訊協定
3. 系統驗證與功能測試
4. 相關文件製作
5. 主管交辦之其他相關工作",待遇面議
英屬開曼群島商萬里雲互聯股份有限公司台灣分公司,後端工程師 Backend Engineer,"前、後端工程師、架構師與機器學習工程師等或是專案經理等共同合作，協助客戶的專案完善與交付，達到企業轉型的目標。

隨著專案執行的過程，累積起來的經驗，可以協助公司建立與後端產品相關的並且具備可複製性的產業等級解決方案。此外公司內部非常重視分享機制，",待遇面議
行動貝果有限公司,Data Engineer 資料工程師 [8ndpoint],"＊請至 【https://mobagel.typeform.com/to/ojShbwVv】 投遞履歷，於 104 投遞者恕不受理，謝謝你的協助＊

[About the job]
Our team is looking for experienced engineers to work on exciting technical problems for marketing AI. On the 8ndpoint team, you’ll have the opportunity to own and drive projects that help us scale the platform. As a Data Engineer, you’ll be responsible for making sure millions of events are backed up, transformed, and delivered to their destinations on time. You’ll have the full support of engineering to ship greenfield solutions, and you’ll also advise our product managers on how we can best deliver the power of AI to our customers.
Mobagel has an extraordinarily open and relaxed work culture. There’s immense freedom to work on what you think is most important, and generous support for personal development. We’re a small and rapidly growing team with great work-life balance, generous remote work policy, open and supportive teammates, and free food. Come meet the team!
Since this role is highly cross-functional, there are ample opportunities (and support) for diving into DevOps, MLOps, machine learning systems, and machine learning modeling projects.

[Responsibility]
1. Maintain and iterate on our end-to-end data pipeline lifecycle: work with stakeholders, gather requirements, design new systems, implement data pipelines and validation pipelines.
2. Maintain and iterate on ingestion and orchestration infrastructure while anticipating future scalability risks.
3. Build and maintain complex Airflow DAGs or equivalent to meet changing DS, product, and engineering requirements.
4. Develop CI/CD and data integration testing pipelines in conjunction with Data Science and Engineering.","年薪600,000元以上"
美商盛伯林科技國際有限公司台灣分公司,"Senior Engineer, Software Development (資深軟韌體開發工程師)","Job requirement:
-Proficiency in FW development of Video product more than 8 years.
-Proficiency in embedded Linux platform development more than 5 years.
-Familiar with embedded Linux system integration of video product for more than 5 years.
-Experienced with Real-time OS platform development for IoT product.
-Proficiency in C/C++ programming

Job Responsibility:
-Report to the manager of Firmware Development team
-Contribute exceptional programming skills to develop highly innovative products
-Supports/contributes/performs operational procedures and technical standards -with team objectives in mind, according to ODM/vendors best practices and policies.
-Provide technical leadership to ODM/vendor
-Conducts system-level problem diagnosis and resolution
-Make disciplined use of git source control and bug tracking systems
-Has obligation to travel aboard for project supporting",待遇面議
永豐商業銀行股份有限公司,金融市場處-AI量化策略開發工程師,"1. 主要交易商品：期權/股票/利率／債券／匯率
2. 策略：開發、建構AI/量化交易策略",待遇面議
台灣萬和科技有限公司,Senior Software Algorithm Engineer (Audio) 高級演算法工程師(音頻語音聲學),"對於下列專長必須有一項或多項的經驗
- Experienced in advanced AI audio algorithms (e.g., Lip Sync, Voice Clone)
- Familiarity of speech processing, music instrument separation using machine learning skills
- Experienced in noise reduction using AI algorithms
- Excellent programming capability in Python, MATLAB, and machine learning tools
- 5+ years of development experience related to audio/speech processing is a plus

必須具備5年以上實際多媒體相關軟體開發經驗，有意應徵請附上Line帳號以方便安排面試","年薪2,400,000~3,000,000元"
福能股份有限公司,資料科學工程師(台北地區),"1. 識別有價值的數據源並自動化收集過程
2. 對結構化和非結構化數據進行預處理
3. 分析大量信息以發現趨勢和模式
4. 構建預測模型和機器學習算法
5. 使用數據可視化技術呈現信息
6. 針對業務挑戰提出解決方案和策略
7. 與前端和後端開發",待遇面議
鍆億科技股份有限公司,AI engineer (AI工程師),"研究並轉化原始資料與數據

設計與建立機器學習系統與模型

選擇適當的資料蒐集來源

執行機器學習的測試與實驗

進行統計分析並調整模型

擴充機器學習程式資料庫與框架

整合與最佳化文字、語音與圖像翻譯API

控制平台使用情形並調整參數",待遇面議
香港商女媧創造股份有限公司台灣分公司,AI 演算法工程師 (AI Engineer),"最佳的學習夥伴，讓我們一起創造AI走入家庭的完美體驗！
 如果您對於chatbot感興趣，對於陪伴機器人充滿熱誠，歡迎加入女媧大團隊！",待遇面議
騰創數析股份有限公司,BI 資料分析師 (BI Data Analyst),"通、物流、航運、電信、能源、犯罪、災防等多元範疇，並持續向新領域擴張，能不斷提供全新的學習挑戰與成長機會。


✅ 工作簡介
● 作為 Data Team 的一員，你會與資料科學家、深度學習/機器學習演算法工程師、資料工程師、以及其他部門包含 PM",待遇面議
慧景科技股份有限公司,[RD] 機器學習資料工程師 ML Data Engineer (hybrid),"Github 開源專案參與
- 參與過 MLOps，熟悉大數據的 ML 產品週期不同階段的需求
- 機器學習相關國際期刊論文發表
- 開發過時續性相關的模型的產品 
- 熟悉 TDD / BDD 開發模式與自動化測試流程 (公司目前使用",待遇面議
Advantech_研華股份有限公司,JR202401602_AI Engineer - 內湖,"職位概述：
我們正在尋找一位專業且熱情的生成式AI工程師加入研華。理想的候選人應對最新的生成式人工智慧技術有深入了解，尤其是在大型語言模型（LLM）如Azure OpenAI、LLaMA 或 Stable Diffusion等開源模型。特別歡迎具",待遇面議
凸版蓋特資訊股份有限公司,Senior Machine Learning Engineer,"以下分成研究向及後端方向的工作內容，請投履歷時說明要應徵的方向(在自薦中說明意願)，有利提供不同的面試內容與審核。
P.S.面試有時間較長的筆試或上機，根據不同的人經驗和應徵方向會有不同。但總時間會超過2小時。

## Back-end 方向工作內容： 
- 負責開發影像辨識演算法與系統
- 設計特徵搜尋引擎與相應資料結構
- 系統部屬與模型跨平台轉移，須對常用的推理框架熟悉，須配合不同硬體達到高效能。
- 設計開發及維護後端系統API並與原有產品整合
- Back-end: 熟悉一種以上Back-end frameworw，EX: Django, Flask
- ML/DL/Computer Vision: 須熟悉OpenCV、scikit-learn和至少一項以上 DL framework，如: tensorflow(keras)、MXNet、Pytorch(Caffe), ... ,etc
- 須對上述的框架有除使用以外的深入理解，工作中有可能需要能修改OpenCV或scikit-learn、或上述的DL框架的原始碼或是重新實做，或是使用其他DL框架去開發產品。

## 研究方向工作內容：
- 算法研究
- 提高人臉、姿態、情緒辨識精度
- 研究各類生物特徵辨識演算法
- 研究與開發活體偵測演算法
- 追蹤並改良前沿的研究結果
- 具備算法實踐能力
- 熟悉NCCL及其他相關工具
- ML/DL/Computer Vision: 須熟悉OpenCV、scikit-learn和至少一項以上 DL framework，如: tensorflow、MXNet、Pytorch, ... ,etc
- 由於公司研究需要服務於產品，在效能上的考量需要與後端有充分的溝通和協作","月薪100,000~150,000元"
鑄立科技股份有限公司,RPA顧問,"估。
2. 協助工程師開發專案、腳本開發。
3. 協助客戶導入RPA，並給予專業規劃與諮詢 。
4. 提案解決方案的規劃架構，協助優化流程。
5. 管理專案進度。
6. 製作專案需求各項規劃書。
7. 進行RPA各項教育訓練。",待遇面議
德律科技股份有限公司,R2: 3D AOI 視覺化 研發工程師-222,"1. 3D 資料視覺化 軟體及演算法開發
2. UI/UX 概念設計 試做/開發
3. 相關流程演算法 設計/開發
具 DirectX/Unity/Unreal/AI 經驗者 佳, 部份需求符合即可.",待遇面議
台達電子工業股份有限公司 _DELTA ELECTRONICS INC.,AI 主任工程師 _ 台達研究院(台北/南科),"/ tabular data / control program)，應用機器學習與深度學習 (主要為 unsupervised learning / reinforcement learning), 研發人工智慧創新技術與應用",待遇面議
永豐商業銀行股份有限公司,資訊處-軟體工程師 (人工智慧模型整合開發),"1. 應用程式開發，整合人工智慧模型
2. 驗證整合模型後系統效能
3. 建立應用開發整合 pipeline 架構",待遇面議
中華工程股份有限公司,【薪優】AI工程師(影像辨識),"本公司欲擴大導入AI功能至工作場所，團隊積極徵求AI工程師。
您將負責研究和開發視覺識別、物件偵測和影像處理的先進技術，包括設計和實現機器學習模型，優化視覺算法，並將其應用於實際應用場景。

條件:
1.卓越的團隊協作和壓力管理能力，我們期待您能",待遇面議
未來市股份有限公司,"【Studio】AI技術應用工程師, 應用於AI虚擬人","使用，能夠使用Unity進行虛擬人的動態控制和表演效果的實現。
●           Python: 具有扎實的Python編程能力，能夠使用Python進行機器學習相關的模型訓練、數據處理和分析。
●           PyTorch: 熟悉",待遇面議
立達信集團_立信電子科技有限公司,高级影像演算法工程師,"1.深度學習開發與應用(物件偵測、行為偵測)
2.機器學習相關應用
3.Opencv、Dlib影像處理算法開發
4.輕量級深度學習算法並嵌入各系統平台
5.資料處理與AI驗証",待遇面議
環球睿視股份有限公司,語音研發工程師(語音合成/語音辨識/演算法),"/場景目的需求之流程與腳本模組開發經驗

其他：
1.具備語意/語音演算法設計及應用能力，在大學研究所時學習機器學習(Machine Learning)與類神經等深度學習(Deep Learning)課程，在碩博士階段或企業實驗室發表過人工智慧/資",待遇面議
智捷生醫股份有限公司,AI工程師(LLM相關),"1. 熟悉 Python程式語言設計
2. 擅於以人工智慧進行圖像內容識別與影像處理
3. 具電腦視覺/影像處理/人工智慧/機器學習/等相關背景知識優先
4.熟悉NLP、向量資料庫，並具備相關經驗
5.熟悉深度學習架構、演算法技術與模型加速技術",待遇面議
比房創新股份有限公司,PHP 工程師 / 後端工程師 (每週可2天在家遠端工作),"解 RESTful API 設計。


【關於比房資訊部】
目前部門成員：後端 PHP 工程師、前端 Vue 工程師、Python 機器人大師、親切好溝通的 DevOps
年輕、有活力好相處，不定期舉辦趣味活動：每月生日會、下午茶時光、聖誕交換禮物",待遇面議
台達電子工業股份有限公司 _DELTA ELECTRONICS INC.,人工智慧資料科學家/AI Data Scientist_台達研究院(台北),"職缺主要工作內容: 
1. 以機器學習、深度學習、統計與作業研究等技術，分析內外部客戶資料，提供合適的解決方案 
2. 研究與開發人工智慧之演算法、應用和服務 
3. 設計、協助及管理資料分析及最佳化專案、培訓等業務推動 
4. 參與Smart",待遇面議
台聚集團_台聚管理顧問股份有限公司,軟體工程師,"1.	負責系統分析設計與程式開發測試
2.	執行主管指派之專案或應用系統開發工作，具積極進取.負責.敬業樂群.團隊合作
3.	熟悉ASP.NET、C#、ADO.NET、JavaScript 、JQuery、HTML等 
4.	MVC、Web Api設計經驗尤佳
5.	Github作品或具有C# WEB專案實作經驗",待遇面議
木刻思股份有限公司,資深資料工程師 / Senior Data Engineer,"【工作內容】

使用 python、SQL 等工具建置符合客戶分析需求的 Data Pipeline
參與專案產品的設計與開發（e.g., 推薦系統、客戶行為分析、銷售預測、影像辨識 ...）
製作分析與報表工具（e.g. powerBI )
撰寫必要交接文件

【必要技能】

熟練 python 
熟練 SQL 語法
會常用 linux 指令
會基礎 git 指令且了解 git 概念
有統計學概念
【加分技能】

使用 Machine learning & Deep Learning 的分析/建模經驗 ( 極大加分 )
動態網頁爬蟲經驗, 例如 selenium ( 大加分 )
AWS 、GCP 、Azure 或其他雲端平台使用或開發經驗
Hadoop / Spark 等叢集系統 (cluster system) 使用經驗
Git Flow / GitHub Flow / 多人開發協作經驗
使用 R language 或其他統計語言的分析經驗
Dockerize 經驗
Web相關 ( Django、fastapi 等) 開發經驗

【薪資範圍】

Junior 年薪: NTD 50-120 萬 (含 performance & contribution獎金)
Senior 年薪: NTD 120-200 萬 (含 performance &  contribution獎金)",待遇面議
台達電子工業股份有限公司 _DELTA ELECTRONICS INC.,【2024研發替代役暨預聘】人工智慧資料科學家/AI Data Scientist_台達研究院(台北),"職缺主要工作內容: 
1. 以機器學習、深度學習、統計與作業研究等技術，分析內外部客戶資料，提供合適的解決方案 
2. 研究與開發人工智慧之演算法、應用和服務 
3. 設計、協助及管理資料分析及最佳化專案、培訓等業務推動 
4. 參與Smart",待遇面議
德律科技股份有限公司,R2: (研發替代役) AXI演算法研發工程師-241,"工作內容
1. 影像處理、電腦視覺、機器學習演算法設計、數值最佳化演算法設計開發。Image Processing、Computer vision,、Object detection and recognition、 Optimization",待遇面議
新光金融控股股份有限公司(新光金控/新光人壽/新光銀行/新光投信),4H新光金控_人工智慧工程師,"的旅程 “Make a Difference”。

<在這裡你將負責的任務>
1. 運用AI機器/深度學習演算法或各樣開源雲端工具與平台，包含但不限於生成式AI、自然語言、電腦視覺等領域，進行金融場景POC驗證或專案研發。
2. 與場景PM合作規劃",待遇面議
普匯金融科技股份有限公司,後端工程師 Backend Engineer,"力年輕人完成夢想的金融新平台，可以創造更美好的社會。

現在，我們正在尋找一位優秀的程序設計師，來加入我們的團隊。作為一個普匯金融科技的軟體工程師，您將有機會參與開發最真實的金融服務系統，並走在台灣金融科技的前端。此外，您還可以增加金融相關領域專業","月薪45,000~80,000元"
比房創新股份有限公司,Vue 前端工程師 (每週可2天在家遠端工作),"比房網請參考使用教學 (https://www.ibigfun.com/support) 及比房 Youtube 頻道 (https://www.youtube.com/@ibigfun)。

【 工作內容 】
- 與後端工程師及 UI/UX 設計",待遇面議
聖森雲端科技股份有限公司,[T300]專案經理(PJM),"本工作重點在於：
1. 商業及陌生通路開發，建立客戶關係。
2. 專案前置作業，負責專(標)案企劃書/服務建議書/系統規格書撰寫、評選簡報製作。
3. 專案執行中，執行專案控管，協調客戶及內部跨部門溝通。
4. 評估專案目標、時程、所需資源。
5. 專案風險評估、成本計算及控管。
6. 管控專案時程及問題追蹤與檢討，以確保如期驗收上線。


★擁有完整中大型專案或標案經驗者加分
★主動投履歷請提供專案簡歷，涵蓋專(標)案名稱、金額、專案角色、參與期間等",待遇面議
KRONOS_麒點科技有限公司,"Senior Software Engineer, Python/Go (Data+Backend) 資深數據工程師","【投遞方式】 此處不收履歷，欲投遞履歷、查看薪資範圍請至 job board : https://grnh.se/8104f9ea3us

Job Description

We are currently looking for a veteran software engineer to join us as a Senior Software Engineer to take over and improve upon our existing data pipelines. As a Software Engineer at Kronos, you will have the opportunity to learn about how data drives success in the heart of the quantitative trading industry. Successful candidates should have experience in constructing large-scale systems and data processing pipelines, utilizing both on-premise and cloud-based technologies.

Responsibilities

-Design, build, and maintain all domain-related data pipelines & data warehouses and optimize existing pipelines
-Develop solutions to easily import and integrate data from 3rd party data vendors and exchange private endpoints into our existing data inventory
-Deploy and manage the daily operation of our market data loggers and ensure data is stored efficiently and securely across cloud and on-premise solutions (S3/NAS/DFS)
-Work closely with the Infra team and quant researchers to understand data needs. Set up and maintain data pipelines that prepare raw market data for machine learning research and simulations
-Design and develop tools and interfaces that improve quality, integrity, and availability for all of our data",待遇面議
昕力資訊股份有限公司,【AI團隊】演算法工程師 Algorithm Engineer(LLM)_台北,"優化方向等相關經驗。
4.有機器學習及深度學習，並且能夠設計或調整模型等相關經驗。
5.有Django 與 Django REST framework 架設後端 API 服務等相關經驗。
6.有向量資料庫 Faiss 或者 OpenSearch 等",待遇面議
聖森雲端科技股份有限公司,專案業務助理,"● 協助部門績效目標管理與資訊彙整
● 協助專案資料收集與統整
● 協助PM專案執行與成本控管
● 追蹤管理專案進度，協調內外部溝通與團隊人員調度
● 安排會議日程，偕同出席會議，並製作會議記錄，追蹤後續工作事項
● 協助系統測試及測試文件撰寫
● 專案相關文件排版與校稿
● 支援日常行政工作，完成主管交辦事項


個性主動積極、不怕發言、立下目標未完成就渾身不對勁?
未來想深耕資訊產業的你/妳，歡迎來投遞履歷!!","月薪28,000~32,000元"
數位無限軟體股份有限公司,資深後端工程師【遠端】,"加入數位無限行列，創造出屬於自己的舞台。

數位無限 InfinitiesSoft Solutions 是台灣領先的軟體服務商，有跨雲、跨平台開發整合專利，專門為機器學習/深度學習設計和開發基礎設施協作、編排、管理和自助服務平台。

公司旗艦產品",待遇面議
國泰人壽保險股份有限公司_總公司_國泰金控,【資訊專才】數據營運工程師,"系統操作經驗。
4.具有 Git 使用經驗。

【加分條件】
1.具備資料倉儲或相關伺服器管理經驗
2.具備 ETL 工具處理與開發經驗
3.具備機器學習或深度學習相關知識
4.熟悉Hadoop、Spark、Hive技術尤佳。
5.具備容器化技術",待遇面議
遊戲橘子數位科技股份有限公司,機器學習主任工程師 Principal Engineer_0220*,"1.  ML 應用架構設計與實作。
2. 從無到有落地NLP、CV演算法，建立線上服務。
3. 依據市場需求，調整或提出 state of the art 方法來解決垂直型市場問題。 
4. 跨部門合作與溝通
4. AI as a Service團隊管理&相關人才培育發展",待遇面議
國泰世紀產物保險股份有限公司,【數據科技】資料科學家 Data Scientist_I00015259,"我、追求團隊共榮，重視團隊合作

數位轉型不是口號，數據應用不是空談
加入我們！一起用數據翻轉商業價值，「讓保險變得更聰明」！


【職務說明】
1. 建立機器學習、深度學習模型，包含數據資料清洗、特徵工程及探索、模型建置與調參。 
2. 配合業務",待遇面議
聖森雲端科技股份有限公司,[T200].Net 軟體工程師,"1.1年以上.net 專案開發經驗 
2.熟悉 ASP.NET MVC、CSS、jQuery 等技術 
3.有 Jquery/JS/CSS 實際使用經驗佳 
4.具有物件導向概念
5.進行系統程式之測試與修改。",待遇面議
聖森雲端科技股份有限公司,業務專員/經理,"1. 開發潛在客戶，拓展市場，以達成業績目標。
2. 定期拜訪客戶，維繫穩定客戶關係。
3. 負責國內業務接洽 (公家或企業專案)。
4. 負責業務推展，傳達及說明公司各項業務重大訊息、活動。
5. 提供服務，處理客戶端之問題，給予完善的處理。
6. 察覺客戶各項之異常狀況，並負責客訴問題之處理。",待遇面議
國泰金控_國泰金融控股股份有限公司,"資料科學分析師  (Data Science R&D) - 資料科學研發科 (數數發中心, DDT) _I00016151","文。
與資料工程師合作，進行機器學習、深度學習的架構設計與開發。

**請同步於 104 及以下職缺連結投遞履歷，可以讓我們在審閱履歷上會更快速喔！**
投遞連結：https://recruit.cathayholdings.com/",待遇面議
年頡科技股份有限公司,生成式AI編輯,"我們正在尋找一名有熱情、具創意且專業的生成式AI編輯專員加入我們的團隊，一起開創智慧型內容生成的新紀元。

工作職責：

1. 與資料科學家和工程師團隊合作，協助開發和校正生成式人工智慧模型。
2. 負責尋找和整理適合訓練模型的素材，包括但不限於",待遇面議
Trend Micro_趨勢科技股份有限公司,R0005891: Large Language Models (LLM) Expert (VicOne_Automotive Security),"Roles & Responsibilities:
1. Designing and Optimizing Large Language Models:
Develop and fine-tune large language models tailored for specific applications.
2. Collaboration with MLOps Engineer:
Work closely with MLOps engineers to prototype custom solutions, ensuring seamless integration with existing systems.
3. AI/ML Modeling Expertise:
- Demonstrate hands-on experience in AI/ML modeling, particularly with complex datasets.
- Possess a strong understanding of the theoretical foundations of AI/ML.
4. Production Environment Management:
Efficiently manage large language models in production environments to enable (almost) real-time solutions.
5. ML Pipeline Development and Deployment:
Build and execute ML pipelines, deploying models to enhance the accuracy of various process steps.

Competencies:
1.	Natural Language Processing (NLP) Experience:
Practical experience in NLP or a similar role.
2.	Cloud Services Proficiency:
Hands-on experience with ML cloud services on Azure or AWS, such as Azure ML, Amazon SageMaker, or MLFlow.
3.	Programming Skills:
Strong programming skills in languages like Python or Java.
4.	Data Processing Expertise:
Experience in large-scale data processing, including data collection, cleaning, and preprocessing.
5.	UNIX/Linux Proficiency:
Proficient in working with UNIX/Linux environments and command-line tools.
6.	Analytical and Problem-Solving Skills:
Demonstrate strong analytical and problem-solving abilities.

This position requires a candidate with a solid background in AI/ML, proficiency in handling large language models, and the ability to collaborate effectively with cross-functional teams. The ideal candidate should have practical experience in NLP, cloud services, programming, and data processing, coupled with a strong analytical mindset.",待遇面議
驊晟有限公司,【北區】機台維護助理,"助理主要分為，協助工程師
1.例行性售後服務及配合客戶時間，至客戶端進行定期檢查、保養、維修。
2.回覆客戶專業的應用與技術的問題。
3.至客戶地點安裝機器、教育訓練。
4.分析產品功能異常狀況，並解決好，建立資料。
5.需要基本電腦window","月薪35,000元以上"
FIFTY-FIVE TAIWAN_台灣五什五數據信息技術有限公司,Expertise & Innovation Specialist,"AWS和Azure等雲平台） 制定新的消費者體驗和媒體案例
與全球工程團隊合作，以完全指定數據處理工作流（數據架構、資料庫誠信約束、數據處理量）以進行激活
與數據科學團隊合作以定立及檢查機器學習和AI專案要求
與TW團隊合作，幫助交付不同的項目以達到最",待遇面議
立達信集團_立信電子科技有限公司,AI數據分析資料科學家,"1. 熱衷或有接觸AI領域相關產品之應用的相關經驗。
2. 根據公司業務與項目，協同RD進行問題分析及定位。利用數據分析與工具，
    從科學及客觀的角度協助問題挖掘與提供對策。
3. 邏輯分析能力強，熟悉軟體開發流程與系統開發流程。
4. 善於問題記錄、追蹤以及複現與項目管理能力
5. 具有責任心且良好的溝通能力及團隊協作能力",待遇面議
國泰世紀產物保險股份有限公司,【2024校園徵才】國泰產險_資料科學專業人才專區_I00016260,"◆ 揭開數據的神秘面紗：參與風險評估、客戶行為分析等多元專案，發現數據背後的驚奇！
◆ 與頂尖人才同行：與業界頂尖的數據科學家、分析師與工程師共事，學到最實用的技能！
◆ 立即投入數據的海洋，開啟你的冒險之旅！

1. 公開資料爬蟲、資料或模型服務",待遇面議
國家資通安全研究院,【檢測防禦中心】AI研究與評測工程師,"1.蒐集與研析可信任AI 相關議題
2.設計可信任AI 檢測項目
3.評測實驗室規劃與建置


專業能力：
1.具大型語言模型建置、訓練及評測經驗
2.具Huggingface使用與模型安全性評測相關經驗(ex.Prompt Injection或對抗式攻擊)
3.具NLP、Machine Learning、Deep learning及MLOps經驗尤佳
4.熟悉評測實驗室運作與系統架構，熟悉ISO/IEC 17025與ISO/IEC 17065尤佳
5.具AI 相關競賽經驗、實驗室認證規範及ISO/IEC 17025訓練合格證書尤佳
6.具備資安相關工作經驗尤佳",待遇面議
Trend Micro_趨勢科技股份有限公司,R0005892: MLOps Engineer (VicOne_Automotive Security),"Role: Deploy, manage, and optimize machine learning models in production environments, ensuring seamless integration and efficient operations.

Responsibilities:
1.	Check deployment pipelines for machine learning models.
2.	Review code changes and pull requests from the data science team.
3.	Trigger CI/CD pipelines after code approvals.
4.	Monitor pipelines, ensuring all tests pass, and model artifacts are generated/stored correctly.
5.	Deploy updated models to production after pipeline completion.
6.	Collaborate closely with the software engineering and DevOps teams to ensure smooth integration.
7.	Containerize models using Docker and deploy on cloud platforms (AWS/GCP/Azure).
8.	Set up monitoring tools to track metrics like response time, error rates, and resource utilization.
9.	Establish alerts and notifications to detect anomalies or deviations from expected behavior quickly.
10.	Analyze monitoring data, logs, files, and system metrics.
11.	Collaborate with the data science team to develop updated pipelines to address any faults.
12.	Document and troubleshoot changes and optimizations.

Competencies:
1.	Deep quantitative/programming background in highly analytical disciplines such as Statistics, Economics, Computer Science, Mathematics, Operations Research, etc.
2.	2-4 years of experience in managing machine learning projects end-to-end, with the last 6 months focused on MLOps.
3.	Monitoring build and production systems using automated monitoring and alarm tools.
4.	Knowledge of machine learning frameworks: TensorFlow, PyTorch, Keras, Scikit-Learn, or others.
5.	Experience with MLOps tools such as ModelDB, Kubeflow, Pachyderm, Data Version Control (DVC), or others.
6.	Experience in supporting model builds and deployments for IDE-based models and autoML tools.
7.	Familiarity with experiment tracking, model management, version tracking, model training (Dataiku, Datarobot, Kubeflow, MLflow, neptune.ai), model hyperparameter optimization, model evaluation, and explainability (SHAP, Tensorboard).

This position requires a candidate with a strong analytical background, hands-on experience in MLOps, and proficiency in deploying and managing machine learning models in production environments. The ideal candidate should have a deep understanding of monitoring systems, machine learning frameworks, and MLOps tools.",待遇面議
未來市股份有限公司,【Server】MLOps Engineer,"我們正在尋找一位經驗豐富的MLOps工程師，來協助我們建立和維護我們的 MLOps 基礎架構。這位工程師將與數據科學家、軟體工程師和數據工程師密切合作，確保我們的機器學習模型順利部署、運行並持續優化。

【職責】

MLOps 流程建設： 負責設",待遇面議
聖森雲端科技股份有限公司,系統分析師(SA),"● 協助管控專案開發團隊及軟體開發品質、進度。
● 協助軟體開發人力成本及工期評估。
● 負責使用者需求訪談與需求說明。
● 負責軟體之分析、設計規格撰寫。
● 負責系統測試案例撰寫、功能整合測試品質。
● 負責客戶行為測試及教育訓練。

※ 有規畫建置EIP/ERP/BPM完整專案經驗者尤佳
※ 具備三年以上 Java或 .Net系統開發經驗者加分
※ 具 Azure DevOps相關經驗者加分",待遇面議
國泰世紀產物保險股份有限公司,【2024校園徵才】資料科學分析師-數據科技_I00016255,"do】
1. 建立機器學習、深度學習模型，包含數據資料清洗、特徵工程及探索、模型建置與調參。
2. 配合業務目標發展數據技術，研究與開發可落地實用之新興數據技術
(本職務配合集團數據團隊布局策略，若有必要時需至子公司輪調或任務支援)",待遇面議
Trend Micro_趨勢科技股份有限公司,R0005329:  Sr. Data Scientist (AI Lab),"AILAB is responsible to monitor the latest trending of AI development and application, we are looking for Data Scientist with engineer spirit. We will explore the opportunities how to apply practical or latest state-of-the-art algorithms in cybersecurity domain. Not only align to our company’s strategy and bring value to customers.",待遇面議
數位身分股份有限公司,Japan Marketing Intern / 市場實習生 (需日本國籍),Authme 致力於提供最快速、安全與便利的數位身分驗證服務，身為Authme的後端工程師，您會和工程團隊的APP、前端工程師、機器學習工程師們一起協同合作，在這裡您將挑戰從產品發想、設計、到建立系統性程式架構，得到從0到1的滿滿成就感，加入我們,時薪190~250元
普匯金融科技股份有限公司,全端工程師 Full stack Engineer,"力年輕人完成夢想的金融新平台，可以創造更美好的社會。

現在，我們正在尋找一位優秀的程序設計師，來加入我們的團隊。作為一個普匯金融科技的軟體工程師，您將有機會參與開發最真實的金融服務系統，並走在台灣金融科技的前端。此外，您還可以增加金融相關領域專業","月薪45,000~80,000元"
美商博灝台灣研究有限公司,"量化研究員 Quantitative Finance Researcher, Cubist Systematic Strategies / Point72 (Taipei)","量化研究員將被賦予獨立進行量化研究的職責，聚焦於建立統計與預測模型。成功的研究員將管理完整的研究流程，包括方法挑選、資料蒐集與分析、建立模型原型、回測、及效能監控。 

Quantitative Researchers are responsible for independently conducting quantitative financial research with a focus on statistical and predictive models. Successful researchers manage all aspects of the research process including methodology selection, data collection and analysis, testing, prototyping, backtesting, and performance monitoring.","年薪1,800,000元以上"
美商博灝台灣研究有限公司,"量化研究員實習生 Quantitative Finance Researcher Interns, Cubist Systematic Strategies / Point72 (Taipei)","量化研究員(實習生)將被賦予獨立進行量化研究的職責，聚焦於建立統計與預測模型。成功的研究員將管理完整的研究流程，包括方法挑選、資料蒐集與分析、建立模型原型、回測、及效能監控。 

Quantitative Researchers are responsible for independently conducting quantitative financial research with a focus on statistical and predictive models. Successful researchers manage all aspects of the research process including methodology selection, data collection and analysis, testing, prototyping, backtesting, and performance monitoring.",待遇面議
數位身分股份有限公司,QA Engineer / Test Engineer / 軟體測試工程師,Authme 致力於提供最快速、安全與便利的數位身分驗證服務，身為Authme的後端工程師，您會和工程團隊的APP、前端工程師、機器學習工程師們一起協同合作，在這裡您將挑戰從產品發想、設計、到建立系統性程式架構，得到從0到1的滿滿成就感，加入我們,待遇面議
聖森雲端科技股份有限公司,行銷專案經理,"工作內容:

1、具備社群經營或網路行銷經驗
2、配合主管一同設計行銷活動、規劃及執行 
3、專案執行溝通協調與整合
4、產品文案撰寫、簡報/圖文/影片製作 
5、其他主管交辦事項

※ 無經驗可(需具備學習熱誠)","月薪30,000元以上"
端點智能科技有限公司,Senior Machine Learning Engineer,"有自然語言處理(NLP)相關經驗 
2.懂機器學習(ML)與深度學習相關的知識。 
3.具備機器學習、資料探勘和自然語言處理經驗. 
4.有使用pytorch、tensorflow等任一深度學習框架的經驗。 
5.有使用Numpy、Pandas、",待遇面議
裕融企業股份有限公司,裕隆集團關係企業-資料科學家,"1.	業務端需求訪談、資訊蒐集。
2.	資料初步探勘、分析企劃。
3.	針對資料進行資料處理、統計分析、前瞻模型預測。
4.	資料視覺化儀表板開發。
5.	協助分析儀表板與平台分析功能上線測試。
6.	資料分析及簡報製作。",待遇面議
國泰世紀產物保險股份有限公司,【數據科技】資料科學家,"【主要任務】
1. 機器學習、深度學習或統計分析模型的實作開發，包含數據資料清洗、特徵工程及探索、模型建置與調參。
2. 配合數據技術發展目標，研究與開發可落地實用之新興數據技術，並協助提升金控整體數據技術運用能力
(本職務配合公司數據團隊布局策",待遇面議
數碼虛擬人科技有限公司,【AIGC】Machine Learning Team Leader 機器學習單位主管,"%的時間將用於與總經理和其他軟體發展人員進行架構和戰略規劃，以及管理ML Team成為一個高績效和成功的團隊。
 
【工作職責】
 
1.領導ML科學家/工程師團隊，負責招募、管理和技術指導團隊成員。
 
2.領導最新電腦視覺和機器學習演算法的開發",待遇面議
未來實驗室Future Lab._富奇賴股份有限公司,【AutoTurn】演算法工程師 / AI 廣告投放 SaaS 系統,"來。

【工作説明】
1. 深入研究人工智能、機器學習和大規模分布式系統領域的最新算法及其應用
2. 靈活運用 Python 進行模型開發，涉足從建模到預測的各個階段，並提出創新解決方案
3. 和產品團隊協作，積極參與 AI 項目的全周期，從技術方","月薪60,000元以上"
財團法人國家衛生研究院,群健所林煜軒副研究員級主治醫師研究室-誠徵博士後研究學者一名,"等軟體開發

【應徵條件】
1.擁有博士學位，專業背景為資訊科學、醫學資訊、醫學工程或相關領域。
2.具備軟體開發經驗，能夠進行項目管理。
3.懂Python語言，並具備優化AI模型的實踐經驗。
4.熟悉MATLAB等基本資料分析軟體，並具有生醫訊","月薪58,350元以上"
知微科技股份有限公司,軟體工程師,"【主要工作內容】
作為軟體工程師，你將會開發各種程式與打造數位工具，協助房仲省下大量的作業時間也會與團隊一起發掘、優化公司內部流程。你可以選擇開發爬蟲、資料處理流程、自動化流程、網頁、APP或聊天機器人以及打造內部系統，如：CRM、360度互評評","年薪800,000~1,600,000元"
未來可期科技有限公司,【SEO】SEO Engineer / SEO 工程師,"我們正在尋找一位具有卓越技能和豐富經驗的黑帽SEO工程師，以協助我們在線上搜索引擎中取得競爭優勢。希望找到一位具有深厚技術背景的專業人才，能夠在搜索引擎最佳化領域發揮其獨特的能力。


▋工作內容
● 搜索引擎操作：利用您的專業知識，進行搜索引擎","月薪80,000~180,000元"
薩摩亞商動見科技股份有限公司台灣分公司,資深Android開發工程師｜Sr. Android Engineer,"動見科技從影像 AI 演算法開發到使用者網站平台，打造一個為商業車隊賦能的車隊管理服務，並逐步擴大服務面向。這套已經獲得國內外大型企業採用的解決方案正在尋求一位有經驗的Android開發工程師，協助我們打造高效率的Android系統。

◎《",待遇面議
數位身分股份有限公司,Sr. Backend Developer (.NET Core) 資深後端工程師,Authme 致力於提供最快速、安全與便利的數位身分驗證服務，身為Authme的後端工程師，您會和工程團隊的APP、前端工程師、機器學習工程師們一起協同合作，在這裡您將挑戰從產品發想、設計、到建立系統性程式架構，得到從0到1的滿滿成就感，加入我們,待遇面議
叡揚資訊股份有限公司,大數據工程師(23053101),"我們正在尋找熱愛數據和技術的大數據工程師。需要新夥伴熟悉大數據技術知識和實際運用經驗。身為大數據工程師，您將負責設計、開發和維護數據處理系統，並與團隊合作實現數據驅動的解決方案。
工作內容：
1. 數據處理和分析：
    * 開發和維護數據處理",待遇面議
數位無限軟體股份有限公司,客戶成功經理【台北】,"加入數位無限行列，創造出屬於自己的舞台。

數位無限 InfinitiesSoft Solutions 是台灣領先的軟體服務商，有跨雲、跨平台開發整合專利，專門為機器學習/深度學習設計和開發基礎設施協作、編排、管理和自助服務平台。

公司旗艦產品","月薪35,000元以上"
台達電子工業股份有限公司 _DELTA ELECTRONICS INC.,【2024研發替代役暨預聘】(資深)人工智慧資料科學家_台達研究院(台北/南科),"本職缺主要工作內容：面對內外部客戶討論和釐清問題，應用機器學習與深度學習等人工智慧技術，開發 (非影像類、非自然語言處理) 應用，並研發創新的人工智慧解決方案

你/妳將會應用AI技術於下列問題：
 智慧製造之大數據分析
 運用 Deep",待遇面議
數位身分股份有限公司,AI/CV Team Lead /Sr. Computer Vision Engineer 電腦視覺工程師,Authme 致力於提供最快速、安全與便利的數位身分驗證服務，身為Authme的電腦視覺工程師，您會和工程團隊的App工程師、前後端工程師們一起協同合作，在這裡您將挑戰從產品發想、到設計、開發，得到從0到1的滿滿成就感，加入我們，一起改變世界！,待遇面議
數位身分股份有限公司,"Sr./Team Lead AI/CV Engineer 電腦視覺工程師, Sr .NET 後端工程師, Sr./Jr/Intern Product Manager(Technical) 產品管理師 / QA Engineer 測試工程師","前台灣的駭客冠軍等，AI Team來自於台清交成的碩博士。 組成我們的團隊文化~

＊＊＊＊＊＊＊＊＊＊＊＊＊＊＊＊＊＊＊＊＊＊＊＊＊＊＊

Team Lead/ Sr. AI/CV Engineer 電腦視覺工程師 (100-250w/年薪)",待遇面議
台達電子工業股份有限公司 _DELTA ELECTRONICS INC.,AI Data Scientist_DSM先進運營技術(台北),"1. 利用數據分析技術(如: 訊號處理、機器學習、深度學習、統計與作業研究等但不限於)，建立設備狀態/製程品質/排程最佳化相關分析服務並實際應用於台達內外部專案上。 
2. 設計、協助及管理資料分析及最佳化專案、培訓等業務推動。 
3. 參與智慧",待遇面議
數位無限軟體股份有限公司,後端工程師【台北】,"加入數位無限行列，創造出屬於自己的舞台。

數位無限 InfinitiesSoft Solutions 是台灣領先的軟體服務商，有跨雲、跨平台開發整合專利，專門為機器學習/深度學習設計和開發基礎設施協作、編排、管理和自助服務平台。
公司旗艦產品AI","月薪33,000元以上"
昕力資訊股份有限公司,【AI團隊】Node.js工程師_台北,"中、台南、高雄、新加坡及越南。

在現在這個數位轉型的大時代中，為了提供更專業的服務及產品，AI團隊需要優秀的夥伴加入。

【Node.js工程師夥伴工作內容會包含什麼？】
1. 負責Node.js應用程式的開發與維護。
2. 新功能及既有功能的系",待遇面議
一元素科技股份有限公司,FAE工程師(金融相關),"案。
6．  網路應用整合及專案建置規劃。
7．  提供客戶、工程師在產品使用方面的技術訓練。
8．  具有網路概念、架設、維運相關知識，能對一般區域網路故障進行分析、判定與排除異常。
9．  具備軟、硬體架構運作，熟練掌握Linux作業系統及常見",待遇面議
經貿聯網科技股份有限公司,數位創新實驗室雲平台軟體工程師-前端/全端工程師,"創新的產品。範圍包含所有以最新技術在公有雲及私有雲上開發軟體生命週期（Software Lift Cycle）的各階段。 Fintech的技術領域及雲技術、機器學習及區塊鏈為主。
● 可以實務應用己知的開發軟體生命週期管理技能應用於實作上，同時與優",待遇面議
數位無限軟體股份有限公司,資深後端工程師【台北】,"加入數位無限行列，創造出屬於自己的舞台。

數位無限 InfinitiesSoft Solutions 是台灣領先的軟體服務商，有跨雲、跨平台開發整合專利，專門為機器學習/深度學習設計和開發基礎設施協作、編排、管理和自助服務平台。

公司旗艦產品",待遇面議
華厚股份有限公司,(儲備) 專案技術經理 Technical Project Manager - Software Solution Division,"職稱: (儲備)專案技術經理 (Technical Project Manager) - 軟體解決方案事業處
註: 本職缺到職時 以 軟體工程師 任職. 待訓練結束, 正式接管專案後, 轉任 技術經理
1.
本公司華厚(股)為 IT B2B 系統",待遇面議
昕力資訊股份有限公司,系統工程師 SI Engineer_台北,"中、台南、高雄、新加坡及越南。

在現在這個數位轉型的大時代中，為了提供更專業的服務及產品，我們需要優秀的系統工程師夥伴加入。

【系統工程師夥伴工作內容會包含什麼？】
我們的系統工程師夥伴主要需要負責協助客戶建置建置雲端/地端架構，與客戶溝通確認",待遇面議
國泰金控_國泰金融控股股份有限公司,"資深資料科學分析師 Data Scientist-集團徵才(數數發中心,DDT)","深度學習相關理論，並有能力說明原理及應用於實際場景。
2.擅長溝通協作，並具備與資料工程師溝通協作能力。
3.熟悉於Python 中處理機器學習與資料探勘。
4.具領導資料科學專案經驗者尤佳。

*(本職務配合公司數據團隊布局策略，若有必要時需至子",待遇面議
昕力資訊股份有限公司,(資深)前端工程師 (Sr.)Frontend Engineer_台北,"2. 維護並優化頁面效能，提供使用者更好的操作體驗
3. 協助後端工程師完成產品開發
4. 與UI/UX設計師及其他前端工程師溝通協同合作

【常用技術/框架】
HTML5 / CSS / Javascript：視專案需求，三大框架 (React",待遇面議
華厚股份有限公司,專案技術經理 Technical Project Manager - Software Solution Division,"業. (學習階段)
b. 跟進專案, 理解現場狀況.
c. 專案現場指揮及調度.
d. 專案之客戶窗口.
e. 技術問題之第一線分析, 並轉交給專職工程師處理, 或開產品製造商之 ticket.

4.
新進人員 訓練/交接 規劃:
a. 實際進入",待遇面議
台達電子工業股份有限公司 _DELTA ELECTRONICS INC.,(資深)人工智慧資料科學家_台達研究院(台北/南科),"「台達研究院」成立於2013年，除致力於大數據分析及物聯網應用與解決方案的開發與整合，加速企業轉型成功，也積極與產官學研生態體系協作，以開放創新模式，創造多贏生態圈。

本職缺主要工作內容：面對內外部客戶討論和釐清問題，應用機器學習與深度學習等人",待遇面議
杰倫智能科技股份有限公司,視覺設計師 Digital graphic designer ｜ 網頁設計師 Web Designer,"AI世代，你準備好了嗎？

Profet AI 杰倫智是能由三位於IBM、PTC、SAP等外商擁有逾20年經驗的創辦人所創立，製造行業的AI領導品牌，以自動化機器學習(AutoML)技術，打造旗下產品Profet AI平台，讓企業導入AI時， 只",待遇面議
數位無限軟體股份有限公司,海外客戶成功經理【台北】,"加入數位無限行列，創造出屬於自己的舞台。

數位無限 InfinitiesSoft Solutions 是台灣領先的軟體服務商，有跨雲、跨平台開發整合專利，專門為機器學習/深度學習設計和開發基礎設施協作、編排、管理和自助服務平台。

公司旗艦產品","月薪40,000元以上"
和碩集團_和碩聯合科技股份有限公司,資深軟體開發工程師/資深網頁軟體工程師_12902,本團隊主要的工作是將海量數據處理、機器學習、深度學習以及生成式AI等技術應用在智能製造領域以及利用data-driven方式輔助企業決策。在智能製造部份，我們會運用各種演算法分析生產製造、人員或能源數據，發掘潛在的異常狀況，進而達到流程的優化及最,待遇面議
萬通教育股份有限公司,Growth Manager,"市場份額。
8. 與數據科學家和工程師合作，開發和優化數據分析和增長工具。

要求：
1. 學士學位或以上學歷，專業領域如市場營銷、商業管理或相關領域。
2. 在增長營銷、產品管理或業務發展領域擁有至少3年的相關工作經驗。
3. 具備數據分析和數據",待遇面議
萊泀股份有限公司,AI工程師(台北),"1.資料處理與模型建立（訊號處理、影像處理、資料庫語法、資料庫規劃、機器學習、深度學習、NLP、NLU、技術文件撰寫、等）
2.AI技術研發
3.模型與系統優化與最佳化
4. 其它主管交辦事項。",待遇面議
